Workbook

Sheet data
A1: Model | B1: Scenario | C1: Region | D1: Variable | E1: Unit | F1: 2000 | G1: 2005 | H1: 2010 | I1: 2015 | J1: 2020 | K1: 2025 | L1: 2030 | M1: 2035 | N1: 2040 | O1: 2045 | P1: 2050 | Q1: 2055 | R1: 2060 | S1: 2065 | T1: 2070 | U1: 2075 | V1: 2080 | W1: 2085 | X1: 2090 | Y1: 2095 | Z1: 2100 | AA1: Notes
A2: OECD Env-Growth | B2: SSP1_v9_130325 | C2: R5ASIA | D2: GDP|PPP | E2: billion US$2005/yr | F2: 8422.655 | G2: 11991.359 | H2: 18086.203 | I2: 25518.52 | J2: 36046.28 | K2: 49543.829 | L2: 65745.524 | M2: 83819.86 | N2: 102371.58 | O2: 120625.7 | P2: 137480.97 | Q2: 152675.15 | R2: 166674.62 | S2: 179291.23 | T2: 190204.5 | U2: 199109.31 | V2: 206706.47 | W2: 212739.21 | X2: 217323.22 | Y2: 220494.04 | Z2: 222048.64
A3: OECD Env-Growth | B3: SSP2_v9_130325 | C3: R5ASIA | D3: GDP|PPP | E3: billion US$2005/yr | F3: 8422.655 | G3: 11991.359 | H3: 18086.203 | I3: 25607.547 | J3: 35945.205 | K3: 47440.557 | L3: 58984.526 | M3: 70084.658 | N3: 81302.982 | O3: 92597.472 | P3: 103558.39 | Q3: 114222.41 | R3: 125074.59 | S3: 136077.41 | T3: 147166 | U3: 158146.77 | V3: 169164.39 | W3: 180041.88 | X3: 190918.35 | Y3: 201834.62 | Z3: 212705.51
A4: OECD Env-Growth | B4: SSP3_v9_130325 | C4: R5ASIA | D4: GDP|PPP | E4: billion US$2005/yr | F4: 8422.655 | G4: 11991.359 | H4: 18086.203 | I4: 25668.053 | J4: 35927.702 | K4: 46127.722 | L4: 54784.872 | M4: 61378.747 | N4: 67096.992 | O4: 72053.237 | P4: 76075.045 | Q4: 79443.657 | R4: 82717.721 | S4: 86008.084 | T4: 89370.103 | U4: 92756.078 | V4: 96205.704 | W4: 99644.456 | X4: 103242.02 | Y4: 107070.31 | Z4: 111199.15
A5: OECD Env-Growth | B5: SSP4_v9_130325 | C5: R5ASIA | D5: GDP|PPP | E5: billion US$2005/yr | F5: 8422.655 | G5: 11991.359 | H5: 18086.203 | I5: 25538.678 | J5: 35704.74 | K5: 46840.535 | L5: 58053.348 | M5: 68513.055 | N5: 78455.387 | O5: 87661.633 | P5: 95651.664 | Q5: 102475.44 | R5: 108663 | S5: 114030.54 | T5: 118483.38 | U5: 121899.68 | V5: 124720.61 | W5: 126856.22 | X5: 128565.98 | Y5: 129973.65 | Z5: 131008.69
A6: OECD Env-Growth | B6: SSP5_v9_130325 | C6: R5ASIA | D6: GDP|PPP | E6: billion US$2005/yr | F6: 8422.655 | G6: 11991.359 | H6: 18086.203 | I6: 25522.995 | J6: 36363.31 | K6: 51870.711 | L6: 72321.873 | M6: 96438.622 | N6: 121677.63 | O6: 147227.46 | P6: 171847.64 | Q6: 195381.54 | R6: 218530.22 | S6: 241032.07 | T6: 262342.24 | U6: 281975.57 | V6: 300818.83 | W6: 318419.43 | X6: 334812.9 | Y6: 349920.42 | Z6: 363259.66
A7: OECD Env-Growth | B7: SSP1_v9_130325 | C7: R5LAM | D7: GDP|PPP | E7: billion US$2005/yr | F7: 4226.442 | G7: 4806.589 | H7: 5834.355 | I7: 7007.43 | J7: 8432.697 | K7: 10129.938 | L7: 12188.832 | M7: 14615.307 | N7: 17270.085 | O7: 20045.086 | P7: 22838.099 | Q7: 25612.763 | R7: 28312.167 | S7: 30870.339 | T7: 33213.262 | U7: 35334.559 | V7: 37264.892 | W7: 38952.821 | X7: 40356.046 | Y7: 41464.577 | Z7: 42220.437
A8: OECD Env-Growth | B8: SSP2_v9_130325 | C8: R5LAM | D8: GDP|PPP | E8: billion US$2005/yr | F8: 4226.442 | G8: 4806.589 | H8: 5834.355 | I8: 7041.819 | J8: 8505.645 | K8: 10063.083 | L8: 11694.895 | M8: 13394.153 | N8: 15205.641 | O8: 17129.077 | P8: 19164.199 | Q8: 21322.418 | R8: 23585.221 | S8: 25947.976 | T8: 28399.502 | U8: 30950.556 | V8: 33579.753 | W8: 36275.5 | X8: 39041.147 | Y8: 41880.11 | Z8: 44778.46
A9: OECD Env-Growth | B9: SSP3_v9_130325 | C9: R5LAM | D9: GDP|PPP | E9: billion US$2005/yr | F9: 4226.442 | G9: 4806.589 | H9: 5834.355 | I9: 7080.993 | J9: 8601.791 | K9: 10053.301 | L9: 11376.482 | M9: 12552.829 | N9: 13693.784 | O9: 14802.346 | P9: 15894.361 | Q9: 16998.454 | R9: 18119.786 | S9: 19274.952 | T9: 20472.851 | U9: 21727.259 | V9: 23002.234 | W9: 24285.161 | X9: 25600.006 | Y9: 26960.927 | Z9: 28384.309
A10: OECD Env-Growth | B10: SSP4_v9_130325 | C10: R5LAM | D10: GDP|PPP | E10: billion US$2005/yr | F10: 4226.442 | G10: 4806.589 | H10: 5834.355 | I10: 7021.001 | J10: 8431.843 | K10: 9866.253 | L10: 11377.274 | M10: 12921.869 | N10: 14487.364 | O10: 16043.879 | P10: 17600.329 | Q10: 19183.107 | R10: 20778.471 | S10: 22340.929 | T10: 23839.544 | U10: 25290.292 | V10: 26698.565 | W10: 28049.438 | X10: 29365.842 | Y10: 30664.321 | Z10: 31922.239
A11: OECD Env-Growth | B11: SSP5_v9_130325 | C11: R5LAM | D11: GDP|PPP | E11: billion US$2005/yr | F11: 4226.442 | G11: 4806.589 | H11: 5834.355 | I11: 6998.243 | J11: 8422.957 | K11: 10291.661 | L11: 12826.044 | M11: 16038.408 | N11: 19632.068 | O11: 23487.255 | P11: 27492.448 | Q11: 31621.466 | R11: 35809.732 | S11: 39987.643 | T11: 44049.976 | U11: 47998.937 | V11: 51894.167 | W11: 55667.643 | X11: 59252.605 | Y11: 62624.554 | Z11: 65673.133
A12: OECD Env-Growth | B12: SSP1_v9_130325 | C12: R5MAF | D12: GDP|PPP | E12: billion US$2005/yr | F12: 3397.597 | G12: 4227.022 | H12: 5338.265 | I12: 6619.806 | J12: 8439.864 | K12: 10809.507 | L12: 14008.705 | M12: 18134.449 | N12: 23219.774 | O12: 29335.988 | P12: 36530.051 | Q12: 44965.24 | R12: 54754.792 | S12: 65800.163 | T12: 77800.013 | U12: 90487.93 | V12: 103785.69 | W12: 117449.56 | X12: 131235.5 | Y12: 144871.64 | Z12: 157911.13
A13: OECD Env-Growth | B13: SSP2_v9_130325 | C13: R5MAF | D13: GDP|PPP | E13: billion US$2005/yr | F13: 3397.597 | G13: 4227.022 | H13: 5338.272 | I13: 6660.242 | J13: 8519.829 | K13: 10756.892 | L13: 13420.345 | M13: 16471.19 | N13: 20070.996 | O13: 24292.165 | P13: 29235.147 | Q13: 35115.52 | R13: 42121.866 | S13: 50387.757 | T13: 59963.545 | U13: 70902.993 | V13: 83277.091 | W13: 97121.964 | X13: 112474.57 | Y13: 129286.72 | Z13: 147428.89
... A26: OECD Env-Growth | B26: SSP5_v9_130325 | C26: R5REF | D26: GDP|PPP | E26: billion US$2005/yr | F26: 2998.859 | G26: 3966.728 | H26: 4736.451 | I26: 5640.192 | J26: 6827.258 | K26: 8487 | L26: 10649.221 | M26: 13168.535 | N26: 15664.212 | O26: 17935.964 | P26: 19931.975 | Q26: 21839.225 | R26: 23914.677 | S26: 26095.983 | T26: 28191.901 | U26: 30083.069 | V26: 31884.168 | W26: 33671.15 | X26: 35492.833 | Y26: 37355.092 | Z26: 39150.76
A27: © SSP Database (Version 0.9.3) https://secure.iiasa.ac.at/web-apps/ene/SSPDB A detailed region/courty code to name mapping table is available at https://secure.iiasa.ac.at/web-apps/ene/SspDb/static/download/ISO3166-1_codes_and_country_names.xlsx generated: 2014-07-31 18:22:41
L29: =L6+L11+L16+L21+L26 -> 166041.74 | P29: =P6+P11+P16+P21+P26 -> 360926.06 | V29: =V6+V11+V16+V21+V26 -> 729516.97
L30: =L5+L10+L15+L20+L25 -> 141182.02 | P30: =P5+P10+P15+P20+P25 -> 219216.13 | V30: =V5+V10+V15+V20+V25 -> 307506.37

Sheet Sheet1
A1: Model | B1: Scenario | C1: Region | D1: Variable | E1: Unit | F1: 2000 | G1: 2005 | H1: 2010 | I1: 2015 | J1: 2020 | K1: 2025 | L1: 2030 | M1: 2035 | N1: 2040 | O1: 2045 | P1: 2050 | Q1: 2055 | R1: 2060 | S1: 2065 | T1: 2070 | U1: 2075 | V1: 2080 | W1: 2085 | X1: 2090 | Y1: 2095 | Z1: 2100 | AA1: Notes
A2: OECD Env-Growth | B2: SSP1_v9_130325 | C2: R5ASIA | D2: GDP|PPP | E2: billion US$2005/yr | G2: =(data!G2/data!F2)^(1/5)-1 -> 0.073207944 | H2: =(data!H2/data!G2)^(1/5)-1 -> 0.085664905 | I2: =(data!I2/data!H2)^(1/5)-1 -> 0.071276594 | J2: =(data!J2/data!I2)^(1/5)-1 -> 0.071521757 | K2: =(data!K2/data!J2)^(1/5)-1 -> 0.065677566 | L2: =(data!L2/data!K2)^(1/5)-1 -> 0.058218439 | M2: =(data!M2/data!L2)^(1/5)-1 -> 0.049774811 | N2: =(data!N2/data!M2)^(1/5)-1 -> 0.040798112 | ... Z2: =(data!Z2/data!Y2)^(1/5)-1 -> 0.001406147
A3: OECD Env-Growth | B3: SSP2_v9_130325 | C3: R5ASIA | D3: GDP|PPP | E3: billion US$2005/yr | G3: =(data!G3/data!F3)^(1/5)-1 -> 0.073207944 | H3: =(data!H3/data!G3)^(1/5)-1 -> 0.085664905 | I3: =(data!I3/data!H3)^(1/5)-1 -> 0.07202303 | J3: =(data!J3/data!I3)^(1/5)-1 -> 0.070174497 | K3: =(data!K3/data!J3)^(1/5)-1 -> 0.057065169 | L3: =(data!L3/data!K3)^(1/5)-1 -> 0.044522171 | M3: =(data!M3/data!L3)^(1/5)-1 -> 0.035087283 | N3: =(data!N3/data!M3)^(1/5)-1 -> 0.030141073 | ... Z3: =(data!Z3/data!Y3)^(1/5)-1 -> 0.010547231
A4: OECD Env-Growth | B4: SSP3_v9_130325 | C4: R5ASIA | D4: GDP|PPP | E4: billion US$2005/yr | G4: =(data!G4/data!F4)^(1/5)-1 -> 0.073207944 | H4: =(data!H4/data!G4)^(1/5)-1 -> 0.085664905 | I4: =(data!I4/data!H4)^(1/5)-1 -> 0.072529152 | J4: =(data!J4/data!I4)^(1/5)-1 -> 0.069565295 | K4: =(data!K4/data!J4)^(1/5)-1 -> 0.051251222 | L4: =(data!L4/data!K4)^(1/5)-1 -> 0.03499852 | M4: =(data!M4/data!L4)^(1/5)-1 -> 0.0229902 | N4: =(data!N4/data!M4)^(1/5)-1 -> 0.017974752 | ... Z4: =(data!Z4/data!Y4)^(1/5)-1 -> 0.0075961103
A5: OECD Env-Growth | B5: SSP4_v9_130325 | C5: R5ASIA | D5: GDP|PPP | E5: billion US$2005/yr | G5: =(data!G5/data!F5)^(1/5)-1 -> 0.073207944 | H5: =(data!H5/data!G5)^(1/5)-1 -> 0.085664905 | I5: =(data!I5/data!H5)^(1/5)-1 -> 0.071445789 | J5: =(data!J5/data!I5)^(1/5)-1 -> 0.06931459 | K5: =(data!K5/data!J5)^(1/5)-1 -> 0.055794012 | L5: =(data!L5/data!K5)^(1/5)-1 -> 0.043857185 | M5: =(data!M5/data!L5)^(1/5)-1 -> 0.033687376 | N5: =(data!N5/data!M5)^(1/5)-1 -> 0.027471743 | ... Z5: =(data!Z5/data!Y5)^(1/5)-1 -> 0.0015876428
A6: OECD Env-Growth | B6: SSP5_v9_130325 | C6: R5ASIA | D6: GDP|PPP | E6: billion US$2005/yr | G6: =(data!G6/data!F6)^(1/5)-1 -> 0.073207944 | H6: =(data!H6/data!G6)^(1/5)-1 -> 0.085664905 | I6: =(data!I6/data!H6)^(1/5)-1 -> 0.071314164 | J6: =(data!J6/data!I6)^(1/5)-1 -> 0.073362343 | K6: =(data!K6/data!J6)^(1/5)-1 -> 0.073622881 | L6: =(data!L6/data!K6)^(1/5)-1 -> 0.068733672 | M6: =(data!M6/data!L6)^(1/5)-1 -> 0.059244618 | N6: =(data!N6/data!M6)^(1/5)-1 -> 0.047591461 | ... Z6: =(data!Z6/data!Y6)^(1/5)-1 -> 0.0075104915
A7: OECD Env-Growth | B7: SSP1_v9_130325 | C7: R5LAM | D7: GDP|PPP | E7: billion US$2005/yr | G7: =(data!G7/data!F7)^(1/5)-1 -> 0.026059191 | H7: =(data!H7/data!G7)^(1/5)-1 -> 0.039515986 | I7: =(data!I7/data!H7)^(1/5)-1 -> 0.037321032 | J7: =(data!J7/data!I7)^(1/5)-1 -> 0.037723246 | K7: =(data!K7/data!J7)^(1/5)-1 -> 0.037356562 | L7: =(data!L7/data!K7)^(1/5)-1 -> 0.037698194 | M7: =(data!M7/data!L7)^(1/5)-1 -> 0.036977111 | N7: =(data!N7/data!M7)^(1/5)-1 -> 0.033944689 | ... Z7: =(data!Z7/data!Y7)^(1/5)-1 -> 0.003619514
A8: OECD Env-Growth | B8: SSP2_v9_130325 | C8: R5LAM | D8: GDP|PPP | E8: billion US$2005/yr | G8: =(data!G8/data!F8)^(1/5)-1 -> 0.026059191 | H8: =(data!H8/data!G8)^(1/5)-1 -> 0.039515986 | I8: =(data!I8/data!H8)^(1/5)-1 -> 0.038337171 | J8: =(data!J8/data!I8)^(1/5)-1 -> 0.038495165 | K8: =(data!K8/data!J8)^(1/5)-1 -> 0.034200541 | L8: =(data!L8/data!K8)^(1/5)-1 -> 0.030512003 | M8: =(data!M8/data!L8)^(1/5)-1 -> 0.027504626 | N8: =(data!N8/data!M8)^(1/5)-1 -> 0.02569419 | ... Z8: =(data!Z8/data!Y8)^(1/5)-1 -> 0.013473198
A9: OECD Env-Growth | B9: SSP3_v9_130325 | C9: R5LAM | D9: GDP|PPP | E9: billion US$2005/yr | G9: =(data!G9/data!F9)^(1/5)-1 -> 0.026059191 | H9: =(data!H9/data!G9)^(1/5)-1 -> 0.039515986 | I9: =(data!I9/data!H9)^(1/5)-1 -> 0.039489873 | J9: =(data!J9/data!I9)^(1/5)-1 -> 0.039678215 | K9: =(data!K9/data!J9)^(1/5)-1 -> 0.031677502 | L9: =(data!L9/data!K9)^(1/5)-1 -> 0.02503775 | M9: =(data!M9/data!L9)^(1/5)-1 -> 0.019874482 | N9: =(data!N9/data!M9)^(1/5)-1 -> 0.017551437 | ... Z9: =(data!Z9/data!Y9)^(1/5)-1 -> 0.010342684
A10: OECD Env-Growth | B10: SSP4_v9_130325 | C10: R5LAM | D10: GDP|PPP | E10: billion US$2005/yr | G10: =(data!G10/data!F10)^(1/5)-1 -> 0.026059191 | H10: =(data!H10/data!G10)^(1/5)-1 -> 0.039515986 | I10: =(data!I10/data!H10)^(1/5)-1 -> 0.037722508 | J10: =(data!J10/data!I10)^(1/5)-1 -> 0.037300758 | K10: =(data!K10/data!J10)^(1/5)-1 -> 0.031919804 | L10: =(data!L10/data!K10)^(1/5)-1 -> 0.02890954 | M10: =(data!M10/data!L10)^(1/5)-1 -> 0.025787549 | N10: =(data!N10/data!M10)^(1/5)-1 -> 0.023134685 | ... Z10: =(data!Z10/data!Y10)^(1/5)-1 -> 0.0080730362
A11: OECD Env-Growth | B11: SSP5_v9_130325 | C11: R5LAM | D11: GDP|PPP | E11: billion US$2005/yr | G11: =(data!G11/data!F11)^(1/5)-1 -> 0.026059191 | H11: =(data!H11/data!G11)^(1/5)-1 -> 0.039515986 | I11: =(data!I11/data!H11)^(1/5)-1 -> 0.037048896 | J11: =(data!J11/data!I11)^(1/5)-1 -> 0.037755665 | K11: =(data!K11/data!J11)^(1/5)-1 -> 0.040888422 | L11: =(data!L11/data!K11)^(1/5)-1 -> 0.045012416 | M11: =(data!M11/data!L11)^(1/5)-1 -> 0.045715888 | N11: =(data!N11/data!M11)^(1/5)-1 -> 0.041264251 | ... Z11: =(data!Z11/data!Y11)^(1/5)-1 -> 0.0095518242
A12: OECD Env-Growth | B12: SSP1_v9_130325 | C12: R5MAF | D12: GDP|PPP | E12: billion US$2005/yr | G12: =(data!G12/data!F12)^(1/5)-1 -> 0.044654138 | H12: =(data!H12/data!G12)^(1/5)-1 -> 0.047787286 | I12: =(data!I12/data!H12)^(1/5)-1 -> 0.043972423 | J12: =(data!J12/data!I12)^(1/5)-1 -> 0.049779378 | K12: =(data!K12/data!J12)^(1/5)-1 -> 0.050737151 | L12: =(data!L12/data!K12)^(1/5)-1 -> 0.053218358 | M12: =(data!M12/data!L12)^(1/5)-1 -> 0.052982794 | N12: =(data!N12/data!M12)^(1/5)-1 -> 0.050680628 | ... Z12: =(data!Z12/data!Y12)^(1/5)-1 -> 0.017386263
A13: OECD Env-Growth | B13: SSP2_v9_130325 | C13: R5MAF | D13: GDP|PPP | E13: billion US$2005/yr | G13: =(data!G13/data!F13)^(1/5)-1 -> 0.044654138 | H13: =(data!H13/data!G13)^(1/5)-1 -> 0.04778756 | I13: =(data!I13/data!H13)^(1/5)-1 -> 0.045244431 | J13: =(data!J13/data!I13)^(1/5)-1 -> 0.050480932 | K13: =(data!K13/data!J13)^(1/5)-1 -> 0.047734358 | L13: =(data!L13/data!K13)^(1/5)-1 -> 0.045238443 | M13: =(data!M13/data!L13)^(1/5)-1 -> 0.041818966 | N13: =(data!N13/data!M13)^(1/5)-1 -> 0.040324412 | ... Z13: =(data!Z13/data!Y13)^(1/5)-1 -> 0.02661059
... A26: OECD Env-Growth | B26: SSP5_v9_130325 | C26: R5REF | D26: GDP|PPP | E26: billion US$2005/yr | G26: =(data!G26/data!F26)^(1/5)-1 -> 0.057536279 | H26: =(data!H26/data!G26)^(1/5)-1 -> 0.036105849 | I26: =(data!I26/data!H26)^(1/5)-1 -> 0.035543073 | J26: =(data!J26/data!I26)^(1/5)-1 -> 0.038940043 | K26: =(data!K26/data!J26)^(1/5)-1 -> 0.044483485 | L26: =(data!L26/data!K26)^(1/5)-1 -> 0.046436134 | M26: =(data!M26/data!L26)^(1/5)-1 -> 0.043383404 | N26: =(data!N26/data!M26)^(1/5)-1 -> 0.035319081 | ... Z26: =(data!Z26/data!Y26)^(1/5)-1 -> 0.0094343456
