Workbook
Name Countries_fid_table: CORR_ISI_GFDL_fact!$A$1:$D$254
Name Countries_fid_table: CORR_ISI_hadGEM_fact!$A$1:$D$254
Name Countries_fid_table: CORR_ISI_IPSL_fact!$A$1:$D$254
Name Countries_fid_table: CORR_ISI_MIROC_fact!$A$1:$D$254
Name Countries_fid_table: CORR_ISI_NorESM_fact!$A$1:$D$254
Name Countries_fid_table: EUWATCH_ENSEMBLEMEAN_FUTURE!$A$1:$D$254
Name Countries_fid_table: ISI_GFDL_uncorr!$A$1:$D$254
Name Countries_fid_table: ISI_hadGEM_uncorr!$A$1:$D$254
Name Countries_fid_table: ISI_IPSL_uncorr!$A$1:$D$254
Name Countries_fid_table: ISI_MIROC_uncorr!$A$1:$D$254
Name Countries_fid_table: ISI_NorESM_uncorr!$A$1:$D$254
Name Countries_fid_table_1: CORR_ISI_GFDL_fact!$A$1:$D$254
Name Countries_fid_table_1: ISI_GFDL_uncorr!$A$1:$D$254
Name Countries_fid_table_1: ISI_hadGEM_uncorr!$A$1:$D$254
Name Countries_fid_table_1: ISI_IPSL_uncorr!$A$1:$D$254
Name Countries_fid_table_1: ISI_MIROC_uncorr!$A$1:$D$254
Name Countries_fid_table_1: ISI_NorESM_uncorr!$A$1:$D$254

Sheet EUWATCH_ENSEMBLEMEAN_FUTURE
A1: FID | B1: GRIDCODE | C1: ISO | D1: ISO_name | E1: HIST_RP100 | F1: EM_RP100_RCP85_2030_SSP4 | G1: EM_RP100_RCP85_2080_SSP4 | H1: EM_RP100_RCP85_2030_SSP5 | I1: EM_RP100_RCP85_2080_SSP5
A2: 0 | B2: 1 | C2: AFG | D2: AFGHANISTAN | E2: 5255691 | F2: =(CORR_ISI_GFDL_fact!E2+CORR_ISI_hadGEM_fact!E2+CORR_ISI_IPSL_fact!E2+CORR_ISI_MIROC_fact!E2+CORR_ISI_NorESM_fact!E2)/5 -> 14952540 | G2: =(CORR_ISI_GFDL_fact!F2+CORR_ISI_hadGEM_fact!F2+CORR_ISI_IPSL_fact!F2+CORR_ISI_MIROC_fact!F2+CORR_ISI_NorESM_fact!F2)/5 -> 41097403 | H2: =(CORR_ISI_GFDL_fact!G2+CORR_ISI_hadGEM_fact!G2+CORR_ISI_IPSL_fact!G2+CORR_ISI_MIROC_fact!G2+CORR_ISI_NorESM_fact!G2)/5 -> 12632412 | I2: =(CORR_ISI_GFDL_fact!H2+CORR_ISI_hadGEM_fact!H2+CORR_ISI_IPSL_fact!H2+CORR_ISI_MIROC_fact!H2+CORR_ISI_NorESM_fact!H2)/5 -> 17620105
A3: 1 | B3: 2 | C3: ALA | D3: ?AND ISLANDS | E3: 0 | F3: =(CORR_ISI_GFDL_fact!E3+CORR_ISI_hadGEM_fact!E3+CORR_ISI_IPSL_fact!E3+CORR_ISI_MIROC_fact!E3+CORR_ISI_NorESM_fact!E3)/5 -> #DIV/0! | G3: =(CORR_ISI_GFDL_fact!F3+CORR_ISI_hadGEM_fact!F3+CORR_ISI_IPSL_fact!F3+CORR_ISI_MIROC_fact!F3+CORR_ISI_NorESM_fact!F3)/5 -> #DIV/0! | H3: =(CORR_ISI_GFDL_fact!G3+CORR_ISI_hadGEM_fact!G3+CORR_ISI_IPSL_fact!G3+CORR_ISI_MIROC_fact!G3+CORR_ISI_NorESM_fact!G3)/5 -> #DIV/0! | I3: =(CORR_ISI_GFDL_fact!H3+CORR_ISI_hadGEM_fact!H3+CORR_ISI_IPSL_fact!H3+CORR_ISI_MIROC_fact!H3+CORR_ISI_NorESM_fact!H3)/5 -> #DIV/0!
A4: 2 | B4: 3 | C4: ALB | D4: ALBANIA | E4: 0 | F4: =(CORR_ISI_GFDL_fact!E4+CORR_ISI_hadGEM_fact!E4+CORR_ISI_IPSL_fact!E4+CORR_ISI_MIROC_fact!E4+CORR_ISI_NorESM_fact!E4)/5 -> #DIV/0! | G4: =(CORR_ISI_GFDL_fact!F4+CORR_ISI_hadGEM_fact!F4+CORR_ISI_IPSL_fact!F4+CORR_ISI_MIROC_fact!F4+CORR_ISI_NorESM_fact!F4)/5 -> #DIV/0! | H4: =(CORR_ISI_GFDL_fact!G4+CORR_ISI_hadGEM_fact!G4+CORR_ISI_IPSL_fact!G4+CORR_ISI_MIROC_fact!G4+CORR_ISI_NorESM_fact!G4)/5 -> #DIV/0! | I4: =(CORR_ISI_GFDL_fact!H4+CORR_ISI_hadGEM_fact!H4+CORR_ISI_IPSL_fact!H4+CORR_ISI_MIROC_fact!H4+CORR_ISI_NorESM_fact!H4)/5 -> #DIV/0!
A5: 3 | B5: 4 | C5: DZA | D5: ALGERIA | E5: 1392279.8 | F5: =(CORR_ISI_GFDL_fact!E5+CORR_ISI_hadGEM_fact!E5+CORR_ISI_IPSL_fact!E5+CORR_ISI_MIROC_fact!E5+CORR_ISI_NorESM_fact!E5)/5 -> 6041080.2 | G5: =(CORR_ISI_GFDL_fact!F5+CORR_ISI_hadGEM_fact!F5+CORR_ISI_IPSL_fact!F5+CORR_ISI_MIROC_fact!F5+CORR_ISI_NorESM_fact!F5)/5 -> 6790635.4 | H5: =(CORR_ISI_GFDL_fact!G5+CORR_ISI_hadGEM_fact!G5+CORR_ISI_IPSL_fact!G5+CORR_ISI_MIROC_fact!G5+CORR_ISI_NorESM_fact!G5)/5 -> 5940580.7 | I5: =(CORR_ISI_GFDL_fact!H5+CORR_ISI_hadGEM_fact!H5+CORR_ISI_IPSL_fact!H5+CORR_ISI_MIROC_fact!H5+CORR_ISI_NorESM_fact!H5)/5 -> 6698072.6
A6: 4 | B6: 5 | C6: ASM | D6: AMERICAN SAMOA | E6: 0 | F6: =(CORR_ISI_GFDL_fact!E6+CORR_ISI_hadGEM_fact!E6+CORR_ISI_IPSL_fact!E6+CORR_ISI_MIROC_fact!E6+CORR_ISI_NorESM_fact!E6)/5 -> #DIV/0! | G6: =(CORR_ISI_GFDL_fact!F6+CORR_ISI_hadGEM_fact!F6+CORR_ISI_IPSL_fact!F6+CORR_ISI_MIROC_fact!F6+CORR_ISI_NorESM_fact!F6)/5 -> #DIV/0! | H6: =(CORR_ISI_GFDL_fact!G6+CORR_ISI_hadGEM_fact!G6+CORR_ISI_IPSL_fact!G6+CORR_ISI_MIROC_fact!G6+CORR_ISI_NorESM_fact!G6)/5 -> #DIV/0! | I6: =(CORR_ISI_GFDL_fact!H6+CORR_ISI_hadGEM_fact!H6+CORR_ISI_IPSL_fact!H6+CORR_ISI_MIROC_fact!H6+CORR_ISI_NorESM_fact!H6)/5 -> #DIV/0!
A7: 5 | B7: 6 | C7: AND | D7: ANDORRA | E7: 0 | F7: =(CORR_ISI_GFDL_fact!E7+CORR_ISI_hadGEM_fact!E7+CORR_ISI_IPSL_fact!E7+CORR_ISI_MIROC_fact!E7+CORR_ISI_NorESM_fact!E7)/5 -> #DIV/0! | G7: =(CORR_ISI_GFDL_fact!F7+CORR_ISI_hadGEM_fact!F7+CORR_ISI_IPSL_fact!F7+CORR_ISI_MIROC_fact!F7+CORR_ISI_NorESM_fact!F7)/5 -> #DIV/0! | H7: =(CORR_ISI_GFDL_fact!G7+CORR_ISI_hadGEM_fact!G7+CORR_ISI_IPSL_fact!G7+CORR_ISI_MIROC_fact!G7+CORR_ISI_NorESM_fact!G7)/5 -> #DIV/0! | I7: =(CORR_ISI_GFDL_fact!H7+CORR_ISI_hadGEM_fact!H7+CORR_ISI_IPSL_fact!H7+CORR_ISI_MIROC_fact!H7+CORR_ISI_NorESM_fact!H7)/5 -> #DIV/0!
A8: 6 | B8: 7 | C8: AGO | D8: ANGOLA | E8: 742202.38 | F8: =(CORR_ISI_GFDL_fact!E8+CORR_ISI_hadGEM_fact!E8+CORR_ISI_IPSL_fact!E8+CORR_ISI_MIROC_fact!E8+CORR_ISI_NorESM_fact!E8)/5 -> 3601899.1 | G8: =(CORR_ISI_GFDL_fact!F8+CORR_ISI_hadGEM_fact!F8+CORR_ISI_IPSL_fact!F8+CORR_ISI_MIROC_fact!F8+CORR_ISI_NorESM_fact!F8)/5 -> 4487633.5 | H8: =(CORR_ISI_GFDL_fact!G8+CORR_ISI_hadGEM_fact!G8+CORR_ISI_IPSL_fact!G8+CORR_ISI_MIROC_fact!G8+CORR_ISI_NorESM_fact!G8)/5 -> 3214972.4 | I8: =(CORR_ISI_GFDL_fact!H8+CORR_ISI_hadGEM_fact!H8+CORR_ISI_IPSL_fact!H8+CORR_ISI_MIROC_fact!H8+CORR_ISI_NorESM_fact!H8)/5 -> 2791235.2
A9: 7 | B9: 8 | C9: AIA | D9: ANGUILLA | E9: 0 | F9: =(CORR_ISI_GFDL_fact!E9+CORR_ISI_hadGEM_fact!E9+CORR_ISI_IPSL_fact!E9+CORR_ISI_MIROC_fact!E9+CORR_ISI_NorESM_fact!E9)/5 -> #DIV/0! | G9: =(CORR_ISI_GFDL_fact!F9+CORR_ISI_hadGEM_fact!F9+CORR_ISI_IPSL_fact!F9+CORR_ISI_MIROC_fact!F9+CORR_ISI_NorESM_fact!F9)/5 -> #DIV/0! | H9: =(CORR_ISI_GFDL_fact!G9+CORR_ISI_hadGEM_fact!G9+CORR_ISI_IPSL_fact!G9+CORR_ISI_MIROC_fact!G9+CORR_ISI_NorESM_fact!G9)/5 -> #DIV/0! | I9: =(CORR_ISI_GFDL_fact!H9+CORR_ISI_hadGEM_fact!H9+CORR_ISI_IPSL_fact!H9+CORR_ISI_MIROC_fact!H9+CORR_ISI_NorESM_fact!H9)/5 -> #DIV/0!
A10: 8 | B10: 9 | C10: ATA | D10: ANTARCTICA | E10: 0 | F10: =(CORR_ISI_GFDL_fact!E10+CORR_ISI_hadGEM_fact!E10+CORR_ISI_IPSL_fact!E10+CORR_ISI_MIROC_fact!E10+CORR_ISI_NorESM_fact!E10)/5 -> #DIV/0! | G10: =(CORR_ISI_GFDL_fact!F10+CORR_ISI_hadGEM_fact!F10+CORR_ISI_IPSL_fact!F10+CORR_ISI_MIROC_fact!F10+CORR_ISI_NorESM_fact!F10)/5 -> #DIV/0! | H10: =(CORR_ISI_GFDL_fact!G10+CORR_ISI_hadGEM_fact!G10+CORR_ISI_IPSL_fact!G10+CORR_ISI_MIROC_fact!G10+CORR_ISI_NorESM_fact!G10)/5 -> #DIV/0! | I10: =(CORR_ISI_GFDL_fact!H10+CORR_ISI_hadGEM_fact!H10+CORR_ISI_IPSL_fact!H10+CORR_ISI_MIROC_fact!H10+CORR_ISI_NorESM_fact!H10)/5 -> #DIV/0!
A11: 9 | B11: 10 | C11: ATG | D11: ANTIGUA AND BARBUDA | E11: 0 | F11: =(CORR_ISI_GFDL_fact!E11+CORR_ISI_hadGEM_fact!E11+CORR_ISI_IPSL_fact!E11+CORR_ISI_MIROC_fact!E11+CORR_ISI_NorESM_fact!E11)/5 -> #DIV/0! | G11: =(CORR_ISI_GFDL_fact!F11+CORR_ISI_hadGEM_fact!F11+CORR_ISI_IPSL_fact!F11+CORR_ISI_MIROC_fact!F11+CORR_ISI_NorESM_fact!F11)/5 -> #DIV/0! | H11: =(CORR_ISI_GFDL_fact!G11+CORR_ISI_hadGEM_fact!G11+CORR_ISI_IPSL_fact!G11+CORR_ISI_MIROC_fact!G11+CORR_ISI_NorESM_fact!G11)/5 -> #DIV/0! | I11: =(CORR_ISI_GFDL_fact!H11+CORR_ISI_hadGEM_fact!H11+CORR_ISI_IPSL_fact!H11+CORR_ISI_MIROC_fact!H11+CORR_ISI_NorESM_fact!H11)/5 -> #DIV/0!
A12: 10 | B12: 11 | C12: ARG | D12: ARGENTINA | E12: 1811074.3 | F12: =(CORR_ISI_GFDL_fact!E12+CORR_ISI_hadGEM_fact!E12+CORR_ISI_IPSL_fact!E12+CORR_ISI_MIROC_fact!E12+CORR_ISI_NorESM_fact!E12)/5 -> 2324216.8 | G12: =(CORR_ISI_GFDL_fact!F12+CORR_ISI_hadGEM_fact!F12+CORR_ISI_IPSL_fact!F12+CORR_ISI_MIROC_fact!F12+CORR_ISI_NorESM_fact!F12)/5 -> 2757181.6 | H12: =(CORR_ISI_GFDL_fact!G12+CORR_ISI_hadGEM_fact!G12+CORR_ISI_IPSL_fact!G12+CORR_ISI_MIROC_fact!G12+CORR_ISI_NorESM_fact!G12)/5 -> 2284709.5 | I12: =(CORR_ISI_GFDL_fact!H12+CORR_ISI_hadGEM_fact!H12+CORR_ISI_IPSL_fact!H12+CORR_ISI_MIROC_fact!H12+CORR_ISI_NorESM_fact!H12)/5 -> 2666023.5
A13: 11 | B13: 12 | C13: ARM | D13: ARMENIA | E13: 0 | F13: =(CORR_ISI_GFDL_fact!E13+CORR_ISI_hadGEM_fact!E13+CORR_ISI_IPSL_fact!E13+CORR_ISI_MIROC_fact!E13+CORR_ISI_NorESM_fact!E13)/5 -> #DIV/0! | G13: =(CORR_ISI_GFDL_fact!F13+CORR_ISI_hadGEM_fact!F13+CORR_ISI_IPSL_fact!F13+CORR_ISI_MIROC_fact!F13+CORR_ISI_NorESM_fact!F13)/5 -> #DIV/0! | H13: =(CORR_ISI_GFDL_fact!G13+CORR_ISI_hadGEM_fact!G13+CORR_ISI_IPSL_fact!G13+CORR_ISI_MIROC_fact!G13+CORR_ISI_NorESM_fact!G13)/5 -> #DIV/0! | I13: =(CORR_ISI_GFDL_fact!H13+CORR_ISI_hadGEM_fact!H13+CORR_ISI_IPSL_fact!H13+CORR_ISI_MIROC_fact!H13+CORR_ISI_NorESM_fact!H13)/5 -> #DIV/0!
... A254: 252 | B254: 253 | C254: ZWE | D254: ZIMBABWE | E254: 197530 | F254: =(CORR_ISI_GFDL_fact!E254+CORR_ISI_hadGEM_fact!E254+CORR_ISI_IPSL_fact!E254+CORR_ISI_MIROC_fact!E254+CORR_ISI_NorESM_fact!E254)/5 -> 522520.08 | G254: =(CORR_ISI_GFDL_fact!F254+CORR_ISI_hadGEM_fact!F254+CORR_ISI_IPSL_fact!F254+CORR_ISI_MIROC_fact!F254+CORR_ISI_NorESM_fact!F254)/5 -> 2356635.8 | H254: =(CORR_ISI_GFDL_fact!G254+CORR_ISI_hadGEM_fact!G254+CORR_ISI_IPSL_fact!G254+CORR_ISI_MIROC_fact!G254+CORR_ISI_NorESM_fact!G254)/5 -> 454512.4 | I254: =(CORR_ISI_GFDL_fact!H254+CORR_ISI_hadGEM_fact!H254+CORR_ISI_IPSL_fact!H254+CORR_ISI_MIROC_fact!H254+CORR_ISI_NorESM_fact!H254)/5 -> 1048879.2

Sheet CORR_ISI_GFDL_fact
A1: FID | B1: GRIDCODE | C1: ISO | D1: ISO_name | E1: RCP85_2030_SSP4_RP100 | F1: RCP85_2080_SSP4_RP100 | G1: RCP85_2030_SSP5_RP100 | H1: RCP85_2080_SSP5_RP100
A2: 0 | B2: 1 | C2: AFG | D2: AFGHANISTAN | E2: =(1/ISI_GFDL_uncorr!$E2*ISI_GFDL_uncorr!F2)*EUWATCH_ENSEMBLEMEAN_FUTURE!$E2 -> 9711762.3 | F2: =(1/ISI_GFDL_uncorr!$E2*ISI_GFDL_uncorr!G2)*EUWATCH_ENSEMBLEMEAN_FUTURE!$E2 -> 25596506 | G2: =(1/ISI_GFDL_uncorr!$E2*ISI_GFDL_uncorr!H2)*EUWATCH_ENSEMBLEMEAN_FUTURE!$E2 -> 8204848.1 | H2: =(1/ISI_GFDL_uncorr!$E2*ISI_GFDL_uncorr!I2)*EUWATCH_ENSEMBLEMEAN_FUTURE!$E2 -> 10974182
A3: 1 | B3: 2 | C3: ALA | D3: ?AND ISLANDS | E3: =(1/ISI_GFDL_uncorr!$E3*ISI_GFDL_uncorr!F3)*EUWATCH_ENSEMBLEMEAN_FUTURE!$E3 -> #DIV/0! | F3: =(1/ISI_GFDL_uncorr!$E3*ISI_GFDL_uncorr!G3)*EUWATCH_ENSEMBLEMEAN_FUTURE!$E3 -> #DIV/0! | G3: =(1/ISI_GFDL_uncorr!$E3*ISI_GFDL_uncorr!H3)*EUWATCH_ENSEMBLEMEAN_FUTURE!$E3 -> #DIV/0! | H3: =(1/ISI_GFDL_uncorr!$E3*ISI_GFDL_uncorr!I3)*EUWATCH_ENSEMBLEMEAN_FUTURE!$E3 -> #DIV/0!
A4: 2 | B4: 3 | C4: ALB | D4: ALBANIA | E4: =(1/ISI_GFDL_uncorr!$E4*ISI_GFDL_uncorr!F4)*EUWATCH_ENSEMBLEMEAN_FUTURE!$E4 -> #DIV/0! | F4: =(1/ISI_GFDL_uncorr!$E4*ISI_GFDL_uncorr!G4)*EUWATCH_ENSEMBLEMEAN_FUTURE!$E4 -> #DIV/0! | G4: =(1/ISI_GFDL_uncorr!$E4*ISI_GFDL_uncorr!H4)*EUWATCH_ENSEMBLEMEAN_FUTURE!$E4 -> #DIV/0! | H4: =(1/ISI_GFDL_uncorr!$E4*ISI_GFDL_uncorr!I4)*EUWATCH_ENSEMBLEMEAN_FUTURE!$E4 -> #DIV/0!
A5: 3 | B5: 4 | C5: DZA | D5: ALGERIA | E5: =(1/ISI_GFDL_uncorr!$E5*ISI_GFDL_uncorr!F5)*EUWATCH_ENSEMBLEMEAN_FUTURE!$E5 -> 2812970.6 | F5: =(1/ISI_GFDL_uncorr!$E5*ISI_GFDL_uncorr!G5)*EUWATCH_ENSEMBLEMEAN_FUTURE!$E5 -> 2652726.8 | G5: =(1/ISI_GFDL_uncorr!$E5*ISI_GFDL_uncorr!H5)*EUWATCH_ENSEMBLEMEAN_FUTURE!$E5 -> 2766115.7 | H5: =(1/ISI_GFDL_uncorr!$E5*ISI_GFDL_uncorr!I5)*EUWATCH_ENSEMBLEMEAN_FUTURE!$E5 -> 2616567
A6: 4 | B6: 5 | C6: ASM | D6: AMERICAN SAMOA | E6: =(1/ISI_GFDL_uncorr!$E6*ISI_GFDL_uncorr!F6)*EUWATCH_ENSEMBLEMEAN_FUTURE!$E6 -> #DIV/0! | F6: =(1/ISI_GFDL_uncorr!$E6*ISI_GFDL_uncorr!G6)*EUWATCH_ENSEMBLEMEAN_FUTURE!$E6 -> #DIV/0! | G6: =(1/ISI_GFDL_uncorr!$E6*ISI_GFDL_uncorr!H6)*EUWATCH_ENSEMBLEMEAN_FUTURE!$E6 -> #DIV/0! | H6: =(1/ISI_GFDL_uncorr!$E6*ISI_GFDL_uncorr!I6)*EUWATCH_ENSEMBLEMEAN_FUTURE!$E6 -> #DIV/0!
A7: 5 | B7: 6 | C7: AND | D7: ANDORRA | E7: =(1/ISI_GFDL_uncorr!$E7*ISI_GFDL_uncorr!F7)*EUWATCH_ENSEMBLEMEAN_FUTURE!$E7 -> #DIV/0! | F7: =(1/ISI_GFDL_uncorr!$E7*ISI_GFDL_uncorr!G7)*EUWATCH_ENSEMBLEMEAN_FUTURE!$E7 -> #DIV/0! | G7: =(1/ISI_GFDL_uncorr!$E7*ISI_GFDL_uncorr!H7)*EUWATCH_ENSEMBLEMEAN_FUTURE!$E7 -> #DIV/0! | H7: =(1/ISI_GFDL_uncorr!$E7*ISI_GFDL_uncorr!I7)*EUWATCH_ENSEMBLEMEAN_FUTURE!$E7 -> #DIV/0!
A8: 6 | B8: 7 | C8: AGO | D8: ANGOLA | E8: =(1/ISI_GFDL_uncorr!$E8*ISI_GFDL_uncorr!F8)*EUWATCH_ENSEMBLEMEAN_FUTURE!$E8 -> 4503271 | F8: =(1/ISI_GFDL_uncorr!$E8*ISI_GFDL_uncorr!G8)*EUWATCH_ENSEMBLEMEAN_FUTURE!$E8 -> 6406226.5 | G8: =(1/ISI_GFDL_uncorr!$E8*ISI_GFDL_uncorr!H8)*EUWATCH_ENSEMBLEMEAN_FUTURE!$E8 -> 4019498.3 | H8: =(1/ISI_GFDL_uncorr!$E8*ISI_GFDL_uncorr!I8)*EUWATCH_ENSEMBLEMEAN_FUTURE!$E8 -> 3984476.2
A9: 7 | B9: 8 | C9: AIA | D9: ANGUILLA | E9: =(1/ISI_GFDL_uncorr!$E9*ISI_GFDL_uncorr!F9)*EUWATCH_ENSEMBLEMEAN_FUTURE!$E9 -> #DIV/0! | F9: =(1/ISI_GFDL_uncorr!$E9*ISI_GFDL_uncorr!G9)*EUWATCH_ENSEMBLEMEAN_FUTURE!$E9 -> #DIV/0! | G9: =(1/ISI_GFDL_uncorr!$E9*ISI_GFDL_uncorr!H9)*EUWATCH_ENSEMBLEMEAN_FUTURE!$E9 -> #DIV/0! | H9: =(1/ISI_GFDL_uncorr!$E9*ISI_GFDL_uncorr!I9)*EUWATCH_ENSEMBLEMEAN_FUTURE!$E9 -> #DIV/0!
A10: 8 | B10: 9 | C10: ATA | D10: ANTARCTICA | E10: =(1/ISI_GFDL_uncorr!$E10*ISI_GFDL_uncorr!F10)*EUWATCH_ENSEMBLEMEAN_FUTURE!$E10 -> #DIV/0! | F10: =(1/ISI_GFDL_uncorr!$E10*ISI_GFDL_uncorr!G10)*EUWATCH_ENSEMBLEMEAN_FUTURE!$E10 -> #DIV/0! | G10: =(1/ISI_GFDL_uncorr!$E10*ISI_GFDL_uncorr!H10)*EUWATCH_ENSEMBLEMEAN_FUTURE!$E10 -> #DIV/0! | H10: =(1/ISI_GFDL_uncorr!$E10*ISI_GFDL_uncorr!I10)*EUWATCH_ENSEMBLEMEAN_FUTURE!$E10 -> #DIV/0!
A11: 9 | B11: 10 | C11: ATG | D11: ANTIGUA AND BARBUDA | E11: =(1/ISI_GFDL_uncorr!$E11*ISI_GFDL_uncorr!F11)*EUWATCH_ENSEMBLEMEAN_FUTURE!$E11 -> #DIV/0! | F11: =(1/ISI_GFDL_uncorr!$E11*ISI_GFDL_uncorr!G11)*EUWATCH_ENSEMBLEMEAN_FUTURE!$E11 -> #DIV/0! | G11: =(1/ISI_GFDL_uncorr!$E11*ISI_GFDL_uncorr!H11)*EUWATCH_ENSEMBLEMEAN_FUTURE!$E11 -> #DIV/0! | H11: =(1/ISI_GFDL_uncorr!$E11*ISI_GFDL_uncorr!I11)*EUWATCH_ENSEMBLEMEAN_FUTURE!$E11 -> #DIV/0!
A12: 10 | B12: 11 | C12: ARG | D12: ARGENTINA | E12: =(1/ISI_GFDL_uncorr!$E12*ISI_GFDL_uncorr!F12)*EUWATCH_ENSEMBLEMEAN_FUTURE!$E12 -> 3302986.8 | F12: =(1/ISI_GFDL_uncorr!$E12*ISI_GFDL_uncorr!G12)*EUWATCH_ENSEMBLEMEAN_FUTURE!$E12 -> 2486615.1 | G12: =(1/ISI_GFDL_uncorr!$E12*ISI_GFDL_uncorr!H12)*EUWATCH_ENSEMBLEMEAN_FUTURE!$E12 -> 3246855 | H12: =(1/ISI_GFDL_uncorr!$E12*ISI_GFDL_uncorr!I12)*EUWATCH_ENSEMBLEMEAN_FUTURE!$E12 -> 2404266
A13: 11 | B13: 12 | C13: ARM | D13: ARMENIA | E13: =(1/ISI_GFDL_uncorr!$E13*ISI_GFDL_uncorr!F13)*EUWATCH_ENSEMBLEMEAN_FUTURE!$E13 -> #DIV/0! | F13: =(1/ISI_GFDL_uncorr!$E13*ISI_GFDL_uncorr!G13)*EUWATCH_ENSEMBLEMEAN_FUTURE!$E13 -> #DIV/0! | G13: =(1/ISI_GFDL_uncorr!$E13*ISI_GFDL_uncorr!H13)*EUWATCH_ENSEMBLEMEAN_FUTURE!$E13 -> #DIV/0! | H13: =(1/ISI_GFDL_uncorr!$E13*ISI_GFDL_uncorr!I13)*EUWATCH_ENSEMBLEMEAN_FUTURE!$E13 -> #DIV/0!
... A254: 252 | B254: 253 | C254: ZWE | D254: ZIMBABWE | E254: =(1/ISI_GFDL_uncorr!$E254*ISI_GFDL_uncorr!F254)*EUWATCH_ENSEMBLEMEAN_FUTURE!$E254 -> 4354.5484 | F254: =(1/ISI_GFDL_uncorr!$E254*ISI_GFDL_uncorr!G254)*EUWATCH_ENSEMBLEMEAN_FUTURE!$E254 -> 1017169.4 | G254: =(1/ISI_GFDL_uncorr!$E254*ISI_GFDL_uncorr!H254)*EUWATCH_ENSEMBLEMEAN_FUTURE!$E254 -> 4655.5872 | H254: =(1/ISI_GFDL_uncorr!$E254*ISI_GFDL_uncorr!I254)*EUWATCH_ENSEMBLEMEAN_FUTURE!$E254 -> 452942.29

Sheet CORR_ISI_hadGEM_fact
A1: FID | B1: GRIDCODE | C1: ISO | D1: ISO_name | E1: RCP85_2030_SSP4_RP100 | F1: RCP85_2080_SSP4_RP100 | G1: RCP85_2030_SSP5_RP100 | H1: RCP85_2080_SSP5_RP100
A2: 0 | B2: 1 | C2: AFG | D2: AFGHANISTAN | E2: =(1/ISI_hadGEM_uncorr!$E2*ISI_hadGEM_uncorr!F2)*EUWATCH_ENSEMBLEMEAN_FUTURE!$E2 -> 7426614.4 | F2: =(1/ISI_hadGEM_uncorr!$E2*ISI_hadGEM_uncorr!G2)*EUWATCH_ENSEMBLEMEAN_FUTURE!$E2 -> 26372729 | G2: =(1/ISI_hadGEM_uncorr!$E2*ISI_hadGEM_uncorr!H2)*EUWATCH_ENSEMBLEMEAN_FUTURE!$E2 -> 6274095.1 | H2: =(1/ISI_hadGEM_uncorr!$E2*ISI_hadGEM_uncorr!I2)*EUWATCH_ENSEMBLEMEAN_FUTURE!$E2 -> 11308284
A3: 1 | B3: 2 | C3: ALA | D3: ?AND ISLANDS | E3: =(1/ISI_hadGEM_uncorr!$E3*ISI_hadGEM_uncorr!F3)*EUWATCH_ENSEMBLEMEAN_FUTURE!$E3 -> #DIV/0! | F3: =(1/ISI_hadGEM_uncorr!$E3*ISI_hadGEM_uncorr!G3)*EUWATCH_ENSEMBLEMEAN_FUTURE!$E3 -> #DIV/0! | G3: =(1/ISI_hadGEM_uncorr!$E3*ISI_hadGEM_uncorr!H3)*EUWATCH_ENSEMBLEMEAN_FUTURE!$E3 -> #DIV/0! | H3: =(1/ISI_hadGEM_uncorr!$E3*ISI_hadGEM_uncorr!I3)*EUWATCH_ENSEMBLEMEAN_FUTURE!$E3 -> #DIV/0!
A4: 2 | B4: 3 | C4: ALB | D4: ALBANIA | E4: =(1/ISI_hadGEM_uncorr!$E4*ISI_hadGEM_uncorr!F4)*EUWATCH_ENSEMBLEMEAN_FUTURE!$E4 -> #DIV/0! | F4: =(1/ISI_hadGEM_uncorr!$E4*ISI_hadGEM_uncorr!G4)*EUWATCH_ENSEMBLEMEAN_FUTURE!$E4 -> #DIV/0! | G4: =(1/ISI_hadGEM_uncorr!$E4*ISI_hadGEM_uncorr!H4)*EUWATCH_ENSEMBLEMEAN_FUTURE!$E4 -> #DIV/0! | H4: =(1/ISI_hadGEM_uncorr!$E4*ISI_hadGEM_uncorr!I4)*EUWATCH_ENSEMBLEMEAN_FUTURE!$E4 -> #DIV/0!
A5: 3 | B5: 4 | C5: DZA | D5: ALGERIA | E5: =(1/ISI_hadGEM_uncorr!$E5*ISI_hadGEM_uncorr!F5)*EUWATCH_ENSEMBLEMEAN_FUTURE!$E5 -> 7347985.3 | F5: =(1/ISI_hadGEM_uncorr!$E5*ISI_hadGEM_uncorr!G5)*EUWATCH_ENSEMBLEMEAN_FUTURE!$E5 -> 8996619.7 | G5: =(1/ISI_hadGEM_uncorr!$E5*ISI_hadGEM_uncorr!H5)*EUWATCH_ENSEMBLEMEAN_FUTURE!$E5 -> 7225455 | H5: =(1/ISI_hadGEM_uncorr!$E5*ISI_hadGEM_uncorr!I5)*EUWATCH_ENSEMBLEMEAN_FUTURE!$E5 -> 8873988.1
A6: 4 | B6: 5 | C6: ASM | D6: AMERICAN SAMOA | E6: =(1/ISI_hadGEM_uncorr!$E6*ISI_hadGEM_uncorr!F6)*EUWATCH_ENSEMBLEMEAN_FUTURE!$E6 -> #DIV/0! | F6: =(1/ISI_hadGEM_uncorr!$E6*ISI_hadGEM_uncorr!G6)*EUWATCH_ENSEMBLEMEAN_FUTURE!$E6 -> #DIV/0! | G6: =(1/ISI_hadGEM_uncorr!$E6*ISI_hadGEM_uncorr!H6)*EUWATCH_ENSEMBLEMEAN_FUTURE!$E6 -> #DIV/0! | H6: =(1/ISI_hadGEM_uncorr!$E6*ISI_hadGEM_uncorr!I6)*EUWATCH_ENSEMBLEMEAN_FUTURE!$E6 -> #DIV/0!
A7: 5 | B7: 6 | C7: AND | D7: ANDORRA | E7: =(1/ISI_hadGEM_uncorr!$E7*ISI_hadGEM_uncorr!F7)*EUWATCH_ENSEMBLEMEAN_FUTURE!$E7 -> #DIV/0! | F7: =(1/ISI_hadGEM_uncorr!$E7*ISI_hadGEM_uncorr!G7)*EUWATCH_ENSEMBLEMEAN_FUTURE!$E7 -> #DIV/0! | G7: =(1/ISI_hadGEM_uncorr!$E7*ISI_hadGEM_uncorr!H7)*EUWATCH_ENSEMBLEMEAN_FUTURE!$E7 -> #DIV/0! | H7: =(1/ISI_hadGEM_uncorr!$E7*ISI_hadGEM_uncorr!I7)*EUWATCH_ENSEMBLEMEAN_FUTURE!$E7 -> #DIV/0!
A8: 6 | B8: 7 | C8: AGO | D8: ANGOLA | E8: =(1/ISI_hadGEM_uncorr!$E8*ISI_hadGEM_uncorr!F8)*EUWATCH_ENSEMBLEMEAN_FUTURE!$E8 -> 793001.05 | F8: =(1/ISI_hadGEM_uncorr!$E8*ISI_hadGEM_uncorr!G8)*EUWATCH_ENSEMBLEMEAN_FUTURE!$E8 -> 2574547.3 | G8: =(1/ISI_hadGEM_uncorr!$E8*ISI_hadGEM_uncorr!H8)*EUWATCH_ENSEMBLEMEAN_FUTURE!$E8 -> 707811.35 | H8: =(1/ISI_hadGEM_uncorr!$E8*ISI_hadGEM_uncorr!I8)*EUWATCH_ENSEMBLEMEAN_FUTURE!$E8 -> 1601416.9
A9: 7 | B9: 8 | C9: AIA | D9: ANGUILLA | E9: =(1/ISI_hadGEM_uncorr!$E9*ISI_hadGEM_uncorr!F9)*EUWATCH_ENSEMBLEMEAN_FUTURE!$E9 -> #DIV/0! | F9: =(1/ISI_hadGEM_uncorr!$E9*ISI_hadGEM_uncorr!G9)*EUWATCH_ENSEMBLEMEAN_FUTURE!$E9 -> #DIV/0! | G9: =(1/ISI_hadGEM_uncorr!$E9*ISI_hadGEM_uncorr!H9)*EUWATCH_ENSEMBLEMEAN_FUTURE!$E9 -> #DIV/0! | H9: =(1/ISI_hadGEM_uncorr!$E9*ISI_hadGEM_uncorr!I9)*EUWATCH_ENSEMBLEMEAN_FUTURE!$E9 -> #DIV/0!
A10: 8 | B10: 9 | C10: ATA | D10: ANTARCTICA | E10: =(1/ISI_hadGEM_uncorr!$E10*ISI_hadGEM_uncorr!F10)*EUWATCH_ENSEMBLEMEAN_FUTURE!$E10 -> #DIV/0! | F10: =(1/ISI_hadGEM_uncorr!$E10*ISI_hadGEM_uncorr!G10)*EUWATCH_ENSEMBLEMEAN_FUTURE!$E10 -> #DIV/0! | G10: =(1/ISI_hadGEM_uncorr!$E10*ISI_hadGEM_uncorr!H10)*EUWATCH_ENSEMBLEMEAN_FUTURE!$E10 -> #DIV/0! | H10: =(1/ISI_hadGEM_uncorr!$E10*ISI_hadGEM_uncorr!I10)*EUWATCH_ENSEMBLEMEAN_FUTURE!$E10 -> #DIV/0!
A11: 9 | B11: 10 | C11: ATG | D11: ANTIGUA AND BARBUDA | E11: =(1/ISI_hadGEM_uncorr!$E11*ISI_hadGEM_uncorr!F11)*EUWATCH_ENSEMBLEMEAN_FUTURE!$E11 -> #DIV/0! | F11: =(1/ISI_hadGEM_uncorr!$E11*ISI_hadGEM_uncorr!G11)*EUWATCH_ENSEMBLEMEAN_FUTURE!$E11 -> #DIV/0! | G11: =(1/ISI_hadGEM_uncorr!$E11*ISI_hadGEM_uncorr!H11)*EUWATCH_ENSEMBLEMEAN_FUTURE!$E11 -> #DIV/0! | H11: =(1/ISI_hadGEM_uncorr!$E11*ISI_hadGEM_uncorr!I11)*EUWATCH_ENSEMBLEMEAN_FUTURE!$E11 -> #DIV/0!
A12: 10 | B12: 11 | C12: ARG | D12: ARGENTINA | E12: =(1/ISI_hadGEM_uncorr!$E12*ISI_hadGEM_uncorr!F12)*EUWATCH_ENSEMBLEMEAN_FUTURE!$E12 -> 1069678.5 | F12: =(1/ISI_hadGEM_uncorr!$E12*ISI_hadGEM_uncorr!G12)*EUWATCH_ENSEMBLEMEAN_FUTURE!$E12 -> 3159051.4 | G12: =(1/ISI_hadGEM_uncorr!$E12*ISI_hadGEM_uncorr!H12)*EUWATCH_ENSEMBLEMEAN_FUTURE!$E12 -> 1051492.8 | H12: =(1/ISI_hadGEM_uncorr!$E12*ISI_hadGEM_uncorr!I12)*EUWATCH_ENSEMBLEMEAN_FUTURE!$E12 -> 3055223.4
A13: 11 | B13: 12 | C13: ARM | D13: ARMENIA | E13: =(1/ISI_hadGEM_uncorr!$E13*ISI_hadGEM_uncorr!F13)*EUWATCH_ENSEMBLEMEAN_FUTURE!$E13 -> #DIV/0! | F13: =(1/ISI_hadGEM_uncorr!$E13*ISI_hadGEM_uncorr!G13)*EUWATCH_ENSEMBLEMEAN_FUTURE!$E13 -> #DIV/0! | G13: =(1/ISI_hadGEM_uncorr!$E13*ISI_hadGEM_uncorr!H13)*EUWATCH_ENSEMBLEMEAN_FUTURE!$E13 -> #DIV/0! | H13: =(1/ISI_hadGEM_uncorr!$E13*ISI_hadGEM_uncorr!I13)*EUWATCH_ENSEMBLEMEAN_FUTURE!$E13 -> #DIV/0!
... A254: 252 | B254: 253 | C254: ZWE | D254: ZIMBABWE | E254: =(1/ISI_hadGEM_uncorr!$E254*ISI_hadGEM_uncorr!F254)*EUWATCH_ENSEMBLEMEAN_FUTURE!$E254 -> 62220.177 | F254: =(1/ISI_hadGEM_uncorr!$E254*ISI_hadGEM_uncorr!G254)*EUWATCH_ENSEMBLEMEAN_FUTURE!$E254 -> 233089.69 | G254: =(1/ISI_hadGEM_uncorr!$E254*ISI_hadGEM_uncorr!H254)*EUWATCH_ENSEMBLEMEAN_FUTURE!$E254 -> 53997.876 | H254: =(1/ISI_hadGEM_uncorr!$E254*ISI_hadGEM_uncorr!I254)*EUWATCH_ENSEMBLEMEAN_FUTURE!$E254 -> 103839.72

Sheet CORR_ISI_IPSL_fact
A1: FID | B1: GRIDCODE | C1: ISO | D1: ISO_name | E1: RCP85_2030_SSP4_RP100 | F1: RCP85_2080_SSP4_RP100 | G1: RCP85_2030_SSP5_RP100 | H1: RCP85_2080_SSP5_RP100
A2: 0 | B2: 1 | C2: AFG | D2: AFGHANISTAN | E2: =(1/ISI_IPSL_uncorr!$E2*ISI_IPSL_uncorr!F2)*EUWATCH_ENSEMBLEMEAN_FUTURE!$E2 -> 20448103 | F2: =(1/ISI_IPSL_uncorr!$E2*ISI_IPSL_uncorr!G2)*EUWATCH_ENSEMBLEMEAN_FUTURE!$E2 -> 52554621 | G2: =(1/ISI_IPSL_uncorr!$E2*ISI_IPSL_uncorr!H2)*EUWATCH_ENSEMBLEMEAN_FUTURE!$E2 -> 17275280 | H2: =(1/ISI_IPSL_uncorr!$E2*ISI_IPSL_uncorr!I2)*EUWATCH_ENSEMBLEMEAN_FUTURE!$E2 -> 22531872
A3: 1 | B3: 2 | C3: ALA | D3: ?AND ISLANDS | E3: =(1/ISI_IPSL_uncorr!$E3*ISI_IPSL_uncorr!F3)*EUWATCH_ENSEMBLEMEAN_FUTURE!$E3 -> #DIV/0! | F3: =(1/ISI_IPSL_uncorr!$E3*ISI_IPSL_uncorr!G3)*EUWATCH_ENSEMBLEMEAN_FUTURE!$E3 -> #DIV/0! | G3: =(1/ISI_IPSL_uncorr!$E3*ISI_IPSL_uncorr!H3)*EUWATCH_ENSEMBLEMEAN_FUTURE!$E3 -> #DIV/0! | H3: =(1/ISI_IPSL_uncorr!$E3*ISI_IPSL_uncorr!I3)*EUWATCH_ENSEMBLEMEAN_FUTURE!$E3 -> #DIV/0!
A4: 2 | B4: 3 | C4: ALB | D4: ALBANIA | E4: =(1/ISI_IPSL_uncorr!$E4*ISI_IPSL_uncorr!F4)*EUWATCH_ENSEMBLEMEAN_FUTURE!$E4 -> #DIV/0! | F4: =(1/ISI_IPSL_uncorr!$E4*ISI_IPSL_uncorr!G4)*EUWATCH_ENSEMBLEMEAN_FUTURE!$E4 -> #DIV/0! | G4: =(1/ISI_IPSL_uncorr!$E4*ISI_IPSL_uncorr!H4)*EUWATCH_ENSEMBLEMEAN_FUTURE!$E4 -> #DIV/0! | H4: =(1/ISI_IPSL_uncorr!$E4*ISI_IPSL_uncorr!I4)*EUWATCH_ENSEMBLEMEAN_FUTURE!$E4 -> #DIV/0!
A5: 3 | B5: 4 | C5: DZA | D5: ALGERIA | E5: =(1/ISI_IPSL_uncorr!$E5*ISI_IPSL_uncorr!F5)*EUWATCH_ENSEMBLEMEAN_FUTURE!$E5 -> 3484349.7 | F5: =(1/ISI_IPSL_uncorr!$E5*ISI_IPSL_uncorr!G5)*EUWATCH_ENSEMBLEMEAN_FUTURE!$E5 -> 3265273.3 | G5: =(1/ISI_IPSL_uncorr!$E5*ISI_IPSL_uncorr!H5)*EUWATCH_ENSEMBLEMEAN_FUTURE!$E5 -> 3426315.6 | H5: =(1/ISI_IPSL_uncorr!$E5*ISI_IPSL_uncorr!I5)*EUWATCH_ENSEMBLEMEAN_FUTURE!$E5 -> 3220765
A6: 4 | B6: 5 | C6: ASM | D6: AMERICAN SAMOA | E6: =(1/ISI_IPSL_uncorr!$E6*ISI_IPSL_uncorr!F6)*EUWATCH_ENSEMBLEMEAN_FUTURE!$E6 -> #DIV/0! | F6: =(1/ISI_IPSL_uncorr!$E6*ISI_IPSL_uncorr!G6)*EUWATCH_ENSEMBLEMEAN_FUTURE!$E6 -> #DIV/0! | G6: =(1/ISI_IPSL_uncorr!$E6*ISI_IPSL_uncorr!H6)*EUWATCH_ENSEMBLEMEAN_FUTURE!$E6 -> #DIV/0! | H6: =(1/ISI_IPSL_uncorr!$E6*ISI_IPSL_uncorr!I6)*EUWATCH_ENSEMBLEMEAN_FUTURE!$E6 -> #DIV/0!
A7: 5 | B7: 6 | C7: AND | D7: ANDORRA | E7: =(1/ISI_IPSL_uncorr!$E7*ISI_IPSL_uncorr!F7)*EUWATCH_ENSEMBLEMEAN_FUTURE!$E7 -> #DIV/0! | F7: =(1/ISI_IPSL_uncorr!$E7*ISI_IPSL_uncorr!G7)*EUWATCH_ENSEMBLEMEAN_FUTURE!$E7 -> #DIV/0! | G7: =(1/ISI_IPSL_uncorr!$E7*ISI_IPSL_uncorr!H7)*EUWATCH_ENSEMBLEMEAN_FUTURE!$E7 -> #DIV/0! | H7: =(1/ISI_IPSL_uncorr!$E7*ISI_IPSL_uncorr!I7)*EUWATCH_ENSEMBLEMEAN_FUTURE!$E7 -> #DIV/0!
A8: 6 | B8: 7 | C8: AGO | D8: ANGOLA | E8: =(1/ISI_IPSL_uncorr!$E8*ISI_IPSL_uncorr!F8)*EUWATCH_ENSEMBLEMEAN_FUTURE!$E8 -> 1940930.2 | F8: =(1/ISI_IPSL_uncorr!$E8*ISI_IPSL_uncorr!G8)*EUWATCH_ENSEMBLEMEAN_FUTURE!$E8 -> 3544686.4 | G8: =(1/ISI_IPSL_uncorr!$E8*ISI_IPSL_uncorr!H8)*EUWATCH_ENSEMBLEMEAN_FUTURE!$E8 -> 1732493.5 | H8: =(1/ISI_IPSL_uncorr!$E8*ISI_IPSL_uncorr!I8)*EUWATCH_ENSEMBLEMEAN_FUTURE!$E8 -> 2204890
A9: 7 | B9: 8 | C9: AIA | D9: ANGUILLA | E9: =(1/ISI_IPSL_uncorr!$E9*ISI_IPSL_uncorr!F9)*EUWATCH_ENSEMBLEMEAN_FUTURE!$E9 -> #DIV/0! | F9: =(1/ISI_IPSL_uncorr!$E9*ISI_IPSL_uncorr!G9)*EUWATCH_ENSEMBLEMEAN_FUTURE!$E9 -> #DIV/0! | G9: =(1/ISI_IPSL_uncorr!$E9*ISI_IPSL_uncorr!H9)*EUWATCH_ENSEMBLEMEAN_FUTURE!$E9 -> #DIV/0! | H9: =(1/ISI_IPSL_uncorr!$E9*ISI_IPSL_uncorr!I9)*EUWATCH_ENSEMBLEMEAN_FUTURE!$E9 -> #DIV/0!
A10: 8 | B10: 9 | C10: ATA | D10: ANTARCTICA | E10: =(1/ISI_IPSL_uncorr!$E10*ISI_IPSL_uncorr!F10)*EUWATCH_ENSEMBLEMEAN_FUTURE!$E10 -> #DIV/0! | F10: =(1/ISI_IPSL_uncorr!$E10*ISI_IPSL_uncorr!G10)*EUWATCH_ENSEMBLEMEAN_FUTURE!$E10 -> #DIV/0! | G10: =(1/ISI_IPSL_uncorr!$E10*ISI_IPSL_uncorr!H10)*EUWATCH_ENSEMBLEMEAN_FUTURE!$E10 -> #DIV/0! | H10: =(1/ISI_IPSL_uncorr!$E10*ISI_IPSL_uncorr!I10)*EUWATCH_ENSEMBLEMEAN_FUTURE!$E10 -> #DIV/0!
A11: 9 | B11: 10 | C11: ATG | D11: ANTIGUA AND BARBUDA | E11: =(1/ISI_IPSL_uncorr!$E11*ISI_IPSL_uncorr!F11)*EUWATCH_ENSEMBLEMEAN_FUTURE!$E11 -> #DIV/0! | F11: =(1/ISI_IPSL_uncorr!$E11*ISI_IPSL_uncorr!G11)*EUWATCH_ENSEMBLEMEAN_FUTURE!$E11 -> #DIV/0! | G11: =(1/ISI_IPSL_uncorr!$E11*ISI_IPSL_uncorr!H11)*EUWATCH_ENSEMBLEMEAN_FUTURE!$E11 -> #DIV/0! | H11: =(1/ISI_IPSL_uncorr!$E11*ISI_IPSL_uncorr!I11)*EUWATCH_ENSEMBLEMEAN_FUTURE!$E11 -> #DIV/0!
A12: 10 | B12: 11 | C12: ARG | D12: ARGENTINA | E12: =(1/ISI_IPSL_uncorr!$E12*ISI_IPSL_uncorr!F12)*EUWATCH_ENSEMBLEMEAN_FUTURE!$E12 -> 2383403.9 | F12: =(1/ISI_IPSL_uncorr!$E12*ISI_IPSL_uncorr!G12)*EUWATCH_ENSEMBLEMEAN_FUTURE!$E12 -> 2640967.7 | G12: =(1/ISI_IPSL_uncorr!$E12*ISI_IPSL_uncorr!H12)*EUWATCH_ENSEMBLEMEAN_FUTURE!$E12 -> 2342892.1 | H12: =(1/ISI_IPSL_uncorr!$E12*ISI_IPSL_uncorr!I12)*EUWATCH_ENSEMBLEMEAN_FUTURE!$E12 -> 2553476.6
A13: 11 | B13: 12 | C13: ARM | D13: ARMENIA | E13: =(1/ISI_IPSL_uncorr!$E13*ISI_IPSL_uncorr!F13)*EUWATCH_ENSEMBLEMEAN_FUTURE!$E13 -> #DIV/0! | F13: =(1/ISI_IPSL_uncorr!$E13*ISI_IPSL_uncorr!G13)*EUWATCH_ENSEMBLEMEAN_FUTURE!$E13 -> #DIV/0! | G13: =(1/ISI_IPSL_uncorr!$E13*ISI_IPSL_uncorr!H13)*EUWATCH_ENSEMBLEMEAN_FUTURE!$E13 -> #DIV/0! | H13: =(1/ISI_IPSL_uncorr!$E13*ISI_IPSL_uncorr!I13)*EUWATCH_ENSEMBLEMEAN_FUTURE!$E13 -> #DIV/0!
... A254: 252 | B254: 253 | C254: ZWE | D254: ZIMBABWE | E254: =(1/ISI_IPSL_uncorr!$E254*ISI_IPSL_uncorr!F254)*EUWATCH_ENSEMBLEMEAN_FUTURE!$E254 -> 1610768.2 | F254: =(1/ISI_IPSL_uncorr!$E254*ISI_IPSL_uncorr!G254)*EUWATCH_ENSEMBLEMEAN_FUTURE!$E254 -> 4904479.9 | G254: =(1/ISI_IPSL_uncorr!$E254*ISI_IPSL_uncorr!H254)*EUWATCH_ENSEMBLEMEAN_FUTURE!$E254 -> 1400937.8 | H254: =(1/ISI_IPSL_uncorr!$E254*ISI_IPSL_uncorr!I254)*EUWATCH_ENSEMBLEMEAN_FUTURE!$E254 -> 2181583.6

Sheet CORR_ISI_MIROC_fact
A1: FID | B1: GRIDCODE | C1: ISO | D1: ISO_name | E1: RCP85_2030_SSP4_RP100 | F1: RCP85_2080_SSP4_RP100 | G1: RCP85_2030_SSP5_RP100 | H1: RCP85_2080_SSP5_RP100
A2: 0 | B2: 1 | C2: AFG | D2: AFGHANISTAN | E2: =(1/ISI_MIROC_uncorr!$E2*ISI_MIROC_uncorr!F2)*EUWATCH_ENSEMBLEMEAN_FUTURE!$E2 -> 22636497 | F2: =(1/ISI_MIROC_uncorr!$E2*ISI_MIROC_uncorr!G2)*EUWATCH_ENSEMBLEMEAN_FUTURE!$E2 -> 60258152 | G2: =(1/ISI_MIROC_uncorr!$E2*ISI_MIROC_uncorr!H2)*EUWATCH_ENSEMBLEMEAN_FUTURE!$E2 -> 19124132 | H2: =(1/ISI_MIROC_uncorr!$E2*ISI_MIROC_uncorr!I2)*EUWATCH_ENSEMBLEMEAN_FUTURE!$E2 -> 25834626
A3: 1 | B3: 2 | C3: ALA | D3: ?AND ISLANDS | E3: =(1/ISI_MIROC_uncorr!$E3*ISI_MIROC_uncorr!F3)*EUWATCH_ENSEMBLEMEAN_FUTURE!$E3 -> #DIV/0! | F3: =(1/ISI_MIROC_uncorr!$E3*ISI_MIROC_uncorr!G3)*EUWATCH_ENSEMBLEMEAN_FUTURE!$E3 -> #DIV/0! | G3: =(1/ISI_MIROC_uncorr!$E3*ISI_MIROC_uncorr!H3)*EUWATCH_ENSEMBLEMEAN_FUTURE!$E3 -> #DIV/0! | H3: =(1/ISI_MIROC_uncorr!$E3*ISI_MIROC_uncorr!I3)*EUWATCH_ENSEMBLEMEAN_FUTURE!$E3 -> #DIV/0!
A4: 2 | B4: 3 | C4: ALB | D4: ALBANIA | E4: =(1/ISI_MIROC_uncorr!$E4*ISI_MIROC_uncorr!F4)*EUWATCH_ENSEMBLEMEAN_FUTURE!$E4 -> #DIV/0! | F4: =(1/ISI_MIROC_uncorr!$E4*ISI_MIROC_uncorr!G4)*EUWATCH_ENSEMBLEMEAN_FUTURE!$E4 -> #DIV/0! | G4: =(1/ISI_MIROC_uncorr!$E4*ISI_MIROC_uncorr!H4)*EUWATCH_ENSEMBLEMEAN_FUTURE!$E4 -> #DIV/0! | H4: =(1/ISI_MIROC_uncorr!$E4*ISI_MIROC_uncorr!I4)*EUWATCH_ENSEMBLEMEAN_FUTURE!$E4 -> #DIV/0!
A5: 3 | B5: 4 | C5: DZA | D5: ALGERIA | E5: =(1/ISI_MIROC_uncorr!$E5*ISI_MIROC_uncorr!F5)*EUWATCH_ENSEMBLEMEAN_FUTURE!$E5 -> 2869536.1 | F5: =(1/ISI_MIROC_uncorr!$E5*ISI_MIROC_uncorr!G5)*EUWATCH_ENSEMBLEMEAN_FUTURE!$E5 -> 3169438.5 | G5: =(1/ISI_MIROC_uncorr!$E5*ISI_MIROC_uncorr!H5)*EUWATCH_ENSEMBLEMEAN_FUTURE!$E5 -> 2821706.7 | H5: =(1/ISI_MIROC_uncorr!$E5*ISI_MIROC_uncorr!I5)*EUWATCH_ENSEMBLEMEAN_FUTURE!$E5 -> 3126235.3
A6: 4 | B6: 5 | C6: ASM | D6: AMERICAN SAMOA | E6: =(1/ISI_MIROC_uncorr!$E6*ISI_MIROC_uncorr!F6)*EUWATCH_ENSEMBLEMEAN_FUTURE!$E6 -> #DIV/0! | F6: =(1/ISI_MIROC_uncorr!$E6*ISI_MIROC_uncorr!G6)*EUWATCH_ENSEMBLEMEAN_FUTURE!$E6 -> #DIV/0! | G6: =(1/ISI_MIROC_uncorr!$E6*ISI_MIROC_uncorr!H6)*EUWATCH_ENSEMBLEMEAN_FUTURE!$E6 -> #DIV/0! | H6: =(1/ISI_MIROC_uncorr!$E6*ISI_MIROC_uncorr!I6)*EUWATCH_ENSEMBLEMEAN_FUTURE!$E6 -> #DIV/0!
A7: 5 | B7: 6 | C7: AND | D7: ANDORRA | E7: =(1/ISI_MIROC_uncorr!$E7*ISI_MIROC_uncorr!F7)*EUWATCH_ENSEMBLEMEAN_FUTURE!$E7 -> #DIV/0! | F7: =(1/ISI_MIROC_uncorr!$E7*ISI_MIROC_uncorr!G7)*EUWATCH_ENSEMBLEMEAN_FUTURE!$E7 -> #DIV/0! | G7: =(1/ISI_MIROC_uncorr!$E7*ISI_MIROC_uncorr!H7)*EUWATCH_ENSEMBLEMEAN_FUTURE!$E7 -> #DIV/0! | H7: =(1/ISI_MIROC_uncorr!$E7*ISI_MIROC_uncorr!I7)*EUWATCH_ENSEMBLEMEAN_FUTURE!$E7 -> #DIV/0!
A8: 6 | B8: 7 | C8: AGO | D8: ANGOLA | E8: =(1/ISI_MIROC_uncorr!$E8*ISI_MIROC_uncorr!F8)*EUWATCH_ENSEMBLEMEAN_FUTURE!$E8 -> 2785556.2 | F8: =(1/ISI_MIROC_uncorr!$E8*ISI_MIROC_uncorr!G8)*EUWATCH_ENSEMBLEMEAN_FUTURE!$E8 -> 2029310.1 | G8: =(1/ISI_MIROC_uncorr!$E8*ISI_MIROC_uncorr!H8)*EUWATCH_ENSEMBLEMEAN_FUTURE!$E8 -> 2486312.2 | H8: =(1/ISI_MIROC_uncorr!$E8*ISI_MIROC_uncorr!I8)*EUWATCH_ENSEMBLEMEAN_FUTURE!$E8 -> 1262167.2
A9: 7 | B9: 8 | C9: AIA | D9: ANGUILLA | E9: =(1/ISI_MIROC_uncorr!$E9*ISI_MIROC_uncorr!F9)*EUWATCH_ENSEMBLEMEAN_FUTURE!$E9 -> #DIV/0! | F9: =(1/ISI_MIROC_uncorr!$E9*ISI_MIROC_uncorr!G9)*EUWATCH_ENSEMBLEMEAN_FUTURE!$E9 -> #DIV/0! | G9: =(1/ISI_MIROC_uncorr!$E9*ISI_MIROC_uncorr!H9)*EUWATCH_ENSEMBLEMEAN_FUTURE!$E9 -> #DIV/0! | H9: =(1/ISI_MIROC_uncorr!$E9*ISI_MIROC_uncorr!I9)*EUWATCH_ENSEMBLEMEAN_FUTURE!$E9 -> #DIV/0!
A10: 8 | B10: 9 | C10: ATA | D10: ANTARCTICA | E10: =(1/ISI_MIROC_uncorr!$E10*ISI_MIROC_uncorr!F10)*EUWATCH_ENSEMBLEMEAN_FUTURE!$E10 -> #DIV/0! | F10: =(1/ISI_MIROC_uncorr!$E10*ISI_MIROC_uncorr!G10)*EUWATCH_ENSEMBLEMEAN_FUTURE!$E10 -> #DIV/0! | G10: =(1/ISI_MIROC_uncorr!$E10*ISI_MIROC_uncorr!H10)*EUWATCH_ENSEMBLEMEAN_FUTURE!$E10 -> #DIV/0! | H10: =(1/ISI_MIROC_uncorr!$E10*ISI_MIROC_uncorr!I10)*EUWATCH_ENSEMBLEMEAN_FUTURE!$E10 -> #DIV/0!
A11: 9 | B11: 10 | C11: ATG | D11: ANTIGUA AND BARBUDA | E11: =(1/ISI_MIROC_uncorr!$E11*ISI_MIROC_uncorr!F11)*EUWATCH_ENSEMBLEMEAN_FUTURE!$E11 -> #DIV/0! | F11: =(1/ISI_MIROC_uncorr!$E11*ISI_MIROC_uncorr!G11)*EUWATCH_ENSEMBLEMEAN_FUTURE!$E11 -> #DIV/0! | G11: =(1/ISI_MIROC_uncorr!$E11*ISI_MIROC_uncorr!H11)*EUWATCH_ENSEMBLEMEAN_FUTURE!$E11 -> #DIV/0! | H11: =(1/ISI_MIROC_uncorr!$E11*ISI_MIROC_uncorr!I11)*EUWATCH_ENSEMBLEMEAN_FUTURE!$E11 -> #DIV/0!
A12: 10 | B12: 11 | C12: ARG | D12: ARGENTINA | E12: =(1/ISI_MIROC_uncorr!$E12*ISI_MIROC_uncorr!F12)*EUWATCH_ENSEMBLEMEAN_FUTURE!$E12 -> 2597651.7 | F12: =(1/ISI_MIROC_uncorr!$E12*ISI_MIROC_uncorr!G12)*EUWATCH_ENSEMBLEMEAN_FUTURE!$E12 -> 2584870.5 | G12: =(1/ISI_MIROC_uncorr!$E12*ISI_MIROC_uncorr!H12)*EUWATCH_ENSEMBLEMEAN_FUTURE!$E12 -> 2553491.1 | H12: =(1/ISI_MIROC_uncorr!$E12*ISI_MIROC_uncorr!I12)*EUWATCH_ENSEMBLEMEAN_FUTURE!$E12 -> 2499253.8
A13: 11 | B13: 12 | C13: ARM | D13: ARMENIA | E13: =(1/ISI_MIROC_uncorr!$E13*ISI_MIROC_uncorr!F13)*EUWATCH_ENSEMBLEMEAN_FUTURE!$E13 -> #DIV/0! | F13: =(1/ISI_MIROC_uncorr!$E13*ISI_MIROC_uncorr!G13)*EUWATCH_ENSEMBLEMEAN_FUTURE!$E13 -> #DIV/0! | G13: =(1/ISI_MIROC_uncorr!$E13*ISI_MIROC_uncorr!H13)*EUWATCH_ENSEMBLEMEAN_FUTURE!$E13 -> #DIV/0! | H13: =(1/ISI_MIROC_uncorr!$E13*ISI_MIROC_uncorr!I13)*EUWATCH_ENSEMBLEMEAN_FUTURE!$E13 -> #DIV/0!
... A254: 252 | B254: 253 | C254: ZWE | D254: ZIMBABWE | E254: =(1/ISI_MIROC_uncorr!$E254*ISI_MIROC_uncorr!F254)*EUWATCH_ENSEMBLEMEAN_FUTURE!$E254 -> 738774.05 | F254: =(1/ISI_MIROC_uncorr!$E254*ISI_MIROC_uncorr!G254)*EUWATCH_ENSEMBLEMEAN_FUTURE!$E254 -> 1227103 | G254: =(1/ISI_MIROC_uncorr!$E254*ISI_MIROC_uncorr!H254)*EUWATCH_ENSEMBLEMEAN_FUTURE!$E254 -> 642205.81 | H254: =(1/ISI_MIROC_uncorr!$E254*ISI_MIROC_uncorr!I254)*EUWATCH_ENSEMBLEMEAN_FUTURE!$E254 -> 549546.44

Sheet CORR_ISI_NorESM_fact
A1: FID | B1: GRIDCODE | C1: ISO | D1: ISO_name | E1: RCP85_2030_SSP4_RP100 | F1: RCP85_2080_SSP4_RP100 | G1: RCP85_2030_SSP5_RP100 | H1: RCP85_2080_SSP5_RP100
A2: 0 | B2: 1 | C2: AFG | D2: AFGHANISTAN | E2: =(1/ISI_NorESM_uncorr!$E2*ISI_NorESM_uncorr!F2)*EUWATCH_ENSEMBLEMEAN_FUTURE!$E2 -> 14539723 | F2: =(1/ISI_NorESM_uncorr!$E2*ISI_NorESM_uncorr!G2)*EUWATCH_ENSEMBLEMEAN_FUTURE!$E2 -> 40705009 | G2: =(1/ISI_NorESM_uncorr!$E2*ISI_NorESM_uncorr!H2)*EUWATCH_ENSEMBLEMEAN_FUTURE!$E2 -> 12283702 | H2: =(1/ISI_NorESM_uncorr!$E2*ISI_NorESM_uncorr!I2)*EUWATCH_ENSEMBLEMEAN_FUTURE!$E2 -> 17451561
A3: 1 | B3: 2 | C3: ALA | D3: ?AND ISLANDS | E3: =(1/ISI_NorESM_uncorr!$E3*ISI_NorESM_uncorr!F3)*EUWATCH_ENSEMBLEMEAN_FUTURE!$E3 -> #DIV/0! | F3: =(1/ISI_NorESM_uncorr!$E3*ISI_NorESM_uncorr!G3)*EUWATCH_ENSEMBLEMEAN_FUTURE!$E3 -> #DIV/0! | G3: =(1/ISI_NorESM_uncorr!$E3*ISI_NorESM_uncorr!H3)*EUWATCH_ENSEMBLEMEAN_FUTURE!$E3 -> #DIV/0! | H3: =(1/ISI_NorESM_uncorr!$E3*ISI_NorESM_uncorr!I3)*EUWATCH_ENSEMBLEMEAN_FUTURE!$E3 -> #DIV/0!
A4: 2 | B4: 3 | C4: ALB | D4: ALBANIA | E4: =(1/ISI_NorESM_uncorr!$E4*ISI_NorESM_uncorr!F4)*EUWATCH_ENSEMBLEMEAN_FUTURE!$E4 -> #DIV/0! | F4: =(1/ISI_NorESM_uncorr!$E4*ISI_NorESM_uncorr!G4)*EUWATCH_ENSEMBLEMEAN_FUTURE!$E4 -> #DIV/0! | G4: =(1/ISI_NorESM_uncorr!$E4*ISI_NorESM_uncorr!H4)*EUWATCH_ENSEMBLEMEAN_FUTURE!$E4 -> #DIV/0! | H4: =(1/ISI_NorESM_uncorr!$E4*ISI_NorESM_uncorr!I4)*EUWATCH_ENSEMBLEMEAN_FUTURE!$E4 -> #DIV/0!
A5: 3 | B5: 4 | C5: DZA | D5: ALGERIA | E5: =(1/ISI_NorESM_uncorr!$E5*ISI_NorESM_uncorr!F5)*EUWATCH_ENSEMBLEMEAN_FUTURE!$E5 -> 13690559 | F5: =(1/ISI_NorESM_uncorr!$E5*ISI_NorESM_uncorr!G5)*EUWATCH_ENSEMBLEMEAN_FUTURE!$E5 -> 15869119 | G5: =(1/ISI_NorESM_uncorr!$E5*ISI_NorESM_uncorr!H5)*EUWATCH_ENSEMBLEMEAN_FUTURE!$E5 -> 13463310 | H5: =(1/ISI_NorESM_uncorr!$E5*ISI_NorESM_uncorr!I5)*EUWATCH_ENSEMBLEMEAN_FUTURE!$E5 -> 15652807
A6: 4 | B6: 5 | C6: ASM | D6: AMERICAN SAMOA | E6: =(1/ISI_NorESM_uncorr!$E6*ISI_NorESM_uncorr!F6)*EUWATCH_ENSEMBLEMEAN_FUTURE!$E6 -> #DIV/0! | F6: =(1/ISI_NorESM_uncorr!$E6*ISI_NorESM_uncorr!G6)*EUWATCH_ENSEMBLEMEAN_FUTURE!$E6 -> #DIV/0! | G6: =(1/ISI_NorESM_uncorr!$E6*ISI_NorESM_uncorr!H6)*EUWATCH_ENSEMBLEMEAN_FUTURE!$E6 -> #DIV/0! | H6: =(1/ISI_NorESM_uncorr!$E6*ISI_NorESM_uncorr!I6)*EUWATCH_ENSEMBLEMEAN_FUTURE!$E6 -> #DIV/0!
A7: 5 | B7: 6 | C7: AND | D7: ANDORRA | E7: =(1/ISI_NorESM_uncorr!$E7*ISI_NorESM_uncorr!F7)*EUWATCH_ENSEMBLEMEAN_FUTURE!$E7 -> #DIV/0! | F7: =(1/ISI_NorESM_uncorr!$E7*ISI_NorESM_uncorr!G7)*EUWATCH_ENSEMBLEMEAN_FUTURE!$E7 -> #DIV/0! | G7: =(1/ISI_NorESM_uncorr!$E7*ISI_NorESM_uncorr!H7)*EUWATCH_ENSEMBLEMEAN_FUTURE!$E7 -> #DIV/0! | H7: =(1/ISI_NorESM_uncorr!$E7*ISI_NorESM_uncorr!I7)*EUWATCH_ENSEMBLEMEAN_FUTURE!$E7 -> #DIV/0!
A8: 6 | B8: 7 | C8: AGO | D8: ANGOLA | E8: =(1/ISI_NorESM_uncorr!$E8*ISI_NorESM_uncorr!F8)*EUWATCH_ENSEMBLEMEAN_FUTURE!$E8 -> 7986737.2 | F8: =(1/ISI_NorESM_uncorr!$E8*ISI_NorESM_uncorr!G8)*EUWATCH_ENSEMBLEMEAN_FUTURE!$E8 -> 7883397.4 | G8: =(1/ISI_NorESM_uncorr!$E8*ISI_NorESM_uncorr!H8)*EUWATCH_ENSEMBLEMEAN_FUTURE!$E8 -> 7128746.9 | H8: =(1/ISI_NorESM_uncorr!$E8*ISI_NorESM_uncorr!I8)*EUWATCH_ENSEMBLEMEAN_FUTURE!$E8 -> 4903225.9
A9: 7 | B9: 8 | C9: AIA | D9: ANGUILLA | E9: =(1/ISI_NorESM_uncorr!$E9*ISI_NorESM_uncorr!F9)*EUWATCH_ENSEMBLEMEAN_FUTURE!$E9 -> #DIV/0! | F9: =(1/ISI_NorESM_uncorr!$E9*ISI_NorESM_uncorr!G9)*EUWATCH_ENSEMBLEMEAN_FUTURE!$E9 -> #DIV/0! | G9: =(1/ISI_NorESM_uncorr!$E9*ISI_NorESM_uncorr!H9)*EUWATCH_ENSEMBLEMEAN_FUTURE!$E9 -> #DIV/0! | H9: =(1/ISI_NorESM_uncorr!$E9*ISI_NorESM_uncorr!I9)*EUWATCH_ENSEMBLEMEAN_FUTURE!$E9 -> #DIV/0!
A10: 8 | B10: 9 | C10: ATA | D10: ANTARCTICA | E10: =(1/ISI_NorESM_uncorr!$E10*ISI_NorESM_uncorr!F10)*EUWATCH_ENSEMBLEMEAN_FUTURE!$E10 -> #DIV/0! | F10: =(1/ISI_NorESM_uncorr!$E10*ISI_NorESM_uncorr!G10)*EUWATCH_ENSEMBLEMEAN_FUTURE!$E10 -> #DIV/0! | G10: =(1/ISI_NorESM_uncorr!$E10*ISI_NorESM_uncorr!H10)*EUWATCH_ENSEMBLEMEAN_FUTURE!$E10 -> #DIV/0! | H10: =(1/ISI_NorESM_uncorr!$E10*ISI_NorESM_uncorr!I10)*EUWATCH_ENSEMBLEMEAN_FUTURE!$E10 -> #DIV/0!
A11: 9 | B11: 10 | C11: ATG | D11: ANTIGUA AND BARBUDA | E11: =(1/ISI_NorESM_uncorr!$E11*ISI_NorESM_uncorr!F11)*EUWATCH_ENSEMBLEMEAN_FUTURE!$E11 -> #DIV/0! | F11: =(1/ISI_NorESM_uncorr!$E11*ISI_NorESM_uncorr!G11)*EUWATCH_ENSEMBLEMEAN_FUTURE!$E11 -> #DIV/0! | G11: =(1/ISI_NorESM_uncorr!$E11*ISI_NorESM_uncorr!H11)*EUWATCH_ENSEMBLEMEAN_FUTURE!$E11 -> #DIV/0! | H11: =(1/ISI_NorESM_uncorr!$E11*ISI_NorESM_uncorr!I11)*EUWATCH_ENSEMBLEMEAN_FUTURE!$E11 -> #DIV/0!
A12: 10 | B12: 11 | C12: ARG | D12: ARGENTINA | E12: =(1/ISI_NorESM_uncorr!$E12*ISI_NorESM_uncorr!F12)*EUWATCH_ENSEMBLEMEAN_FUTURE!$E12 -> 2267362.9 | F12: =(1/ISI_NorESM_uncorr!$E12*ISI_NorESM_uncorr!G12)*EUWATCH_ENSEMBLEMEAN_FUTURE!$E12 -> 2914403.2 | G12: =(1/ISI_NorESM_uncorr!$E12*ISI_NorESM_uncorr!H12)*EUWATCH_ENSEMBLEMEAN_FUTURE!$E12 -> 2228816.6 | H12: =(1/ISI_NorESM_uncorr!$E12*ISI_NorESM_uncorr!I12)*EUWATCH_ENSEMBLEMEAN_FUTURE!$E12 -> 2817897.6
A13: 11 | B13: 12 | C13: ARM | D13: ARMENIA | E13: =(1/ISI_NorESM_uncorr!$E13*ISI_NorESM_uncorr!F13)*EUWATCH_ENSEMBLEMEAN_FUTURE!$E13 -> #DIV/0! | F13: =(1/ISI_NorESM_uncorr!$E13*ISI_NorESM_uncorr!G13)*EUWATCH_ENSEMBLEMEAN_FUTURE!$E13 -> #DIV/0! | G13: =(1/ISI_NorESM_uncorr!$E13*ISI_NorESM_uncorr!H13)*EUWATCH_ENSEMBLEMEAN_FUTURE!$E13 -> #DIV/0! | H13: =(1/ISI_NorESM_uncorr!$E13*ISI_NorESM_uncorr!I13)*EUWATCH_ENSEMBLEMEAN_FUTURE!$E13 -> #DIV/0!
... A254: 252 | B254: 253 | C254: ZWE | D254: ZIMBABWE | E254: =(1/ISI_NorESM_uncorr!$E254*ISI_NorESM_uncorr!F254)*EUWATCH_ENSEMBLEMEAN_FUTURE!$E254 -> 196483.41 | F254: =(1/ISI_NorESM_uncorr!$E254*ISI_NorESM_uncorr!G254)*EUWATCH_ENSEMBLEMEAN_FUTURE!$E254 -> 4401336.8 | G254: =(1/ISI_NorESM_uncorr!$E254*ISI_NorESM_uncorr!H254)*EUWATCH_ENSEMBLEMEAN_FUTURE!$E254 -> 170764.95 | H254: =(1/ISI_NorESM_uncorr!$E254*ISI_NorESM_uncorr!I254)*EUWATCH_ENSEMBLEMEAN_FUTURE!$E254 -> 1956483.9

Sheet ISI_GFDL_uncorr
A1: FID | B1: GRIDCODE | C1: ISO | D1: ISO_name | E1: hist_RP100 | F1: RCP85_2030_SSP4_RP100 | G1: RCP85_2080_SSP4_RP100 | H1: RCP85_2030_SSP5_RP100 | I1: RCP85_2080_SSP5_RP100
A2: 0 | B2: 1 | C2: AFG | D2: AFGHANISTAN | E2: 27536807 | F2: 50884066 | G2: 1.3411101e+08 | H2: 42988699 | I2: 57498421
A3: 1 | B3: 2 | C3: ALA | D3: ?AND ISLANDS | E3: 0 | F3: 0 | G3: 0 | H3: 0 | I3: 0
A4: 2 | B4: 3 | C4: ALB | D4: ALBANIA | E4: 0 | F4: 0 | G4: 2002226.5 | H4: 0 | I4: 2035384
A5: 3 | B5: 4 | C5: DZA | D5: ALGERIA | E5: 19229149 | F5: 38850690 | G5: 36637521 | H5: 38203565 | I5: 36138107
A6: 4 | B6: 5 | C6: ASM | D6: AMERICAN SAMOA | E6: 0 | F6: 0 | G6: 0 | H6: 0 | I6: 0
A7: 5 | B7: 6 | C7: AND | D7: ANDORRA | E7: 0 | F7: 0 | G7: 0 | H7: 0 | I7: 0
A8: 6 | B8: 7 | C8: AGO | D8: ANGOLA | E8: 1324493.7 | F8: 8036290.7 | G8: 11432201 | H8: 7172976.5 | I8: 7110477.9
A9: 7 | B9: 8 | C9: AIA | D9: ANGUILLA | E9: 0 | F9: 0 | G9: 0 | H9: 0 | I9: 0
A10: 8 | B10: 9 | C10: ATA | D10: ANTARCTICA | E10: 0 | F10: 0 | G10: 0 | H10: 0 | I10: 0
A11: 9 | B11: 10 | C11: ATG | D11: ANTIGUA AND BARBUDA | E11: 0 | F11: 0 | G11: 0 | H11: 0 | I11: 0
A12: 10 | B12: 11 | C12: ARG | D12: ARGENTINA | E12: 8149164.6 | F12: 14862219 | G12: 11188849 | H12: 14609647 | I12: 10818308
A13: 11 | B13: 12 | C13: ARM | D13: ARMENIA | E13: 0 | F13: 211048.4 | G13: 1162930 | H13: 203391.5 | I13: 1009510.1
... A254: 252 | B254: 253 | C254: ZWE | D254: ZIMBABWE | E254: 86698.58 | F254: 1911.27 | G254: 446449.37 | H254: 2043.4 | I254: 198802.48

Sheet ISI_hadGEM_uncorr
A1: FID | B1: GRIDCODE | C1: ISO | D1: ISO_name | E1: hist_RP100 | F1: RCP85_2030_SSP4_RP100 | G1: RCP85_2080_SSP4_RP100 | H1: RCP85_2030_SSP5_RP100 | I1: RCP85_2080_SSP5_RP100
A2: 0 | B2: 1 | C2: AFG | D2: AFGHANISTAN | E2: 6008492.6 | F2: 8490369.4 | G2: 30150240 | H2: 7172768.3 | I2: 12928032
A3: 1 | B3: 2 | C3: ALA | D3: ?AND ISLANDS | E3: 0 | F3: 0 | G3: 0 | H3: 0 | I3: 0
A4: 2 | B4: 3 | C4: ALB | D4: ALBANIA | E4: 0 | F4: 0 | G4: 2112330.5 | H4: 0 | I4: 2146414
A5: 3 | B5: 4 | C5: DZA | D5: ALGERIA | E5: 5723339.2 | F5: 30205863 | G5: 36983016 | H5: 29702169 | I5: 36478906
A6: 4 | B6: 5 | C6: ASM | D6: AMERICAN SAMOA | E6: 0 | F6: 0 | G6: 0 | H6: 0 | I6: 0
A7: 5 | B7: 6 | C7: AND | D7: ANDORRA | E7: 0 | F7: 0 | G7: 0 | H7: 0 | I7: 0
A8: 6 | B8: 7 | C8: AGO | D8: ANGOLA | E8: 5814108.1 | F8: 6212044 | G8: 20167944 | H8: 5544702.9 | I8: 12544841
A9: 7 | B9: 8 | C9: AIA | D9: ANGUILLA | E9: 0 | F9: 0 | G9: 0 | H9: 0 | I9: 0
A10: 8 | B10: 9 | C10: ATA | D10: ANTARCTICA | E10: 0 | F10: 0 | G10: 0 | H10: 0 | I10: 0
A11: 9 | B11: 10 | C11: ATG | D11: ANTIGUA AND BARBUDA | E11: 0 | F11: 0 | G11: 0 | H11: 0 | I11: 0
A12: 10 | B12: 11 | C12: ARG | D12: ARGENTINA | E12: 2469030 | F12: 1458288.2 | G12: 4306721.5 | H12: 1433495.7 | I12: 4165173.2
A13: 11 | B13: 12 | C13: ARM | D13: ARMENIA | E13: 0 | F13: 0 | G13: 989415.8 | H13: 0 | I13: 858887
... A254: 252 | B254: 253 | C254: ZWE | D254: ZIMBABWE | E254: 765504.58 | F254: 241127.07 | G254: 903312.01 | H254: 209262.5 | I254: 402418.79

Sheet ISI_IPSL_uncorr
A1: FID | B1: GRIDCODE | C1: ISO | D1: ISO_name | E1: hist_RP100 | F1: RCP85_2030_SSP4_RP100 | G1: RCP85_2080_SSP4_RP100 | H1: RCP85_2030_SSP5_RP100 | I1: RCP85_2080_SSP5_RP100
A2: 0 | B2: 1 | C2: AFG | D2: AFGHANISTAN | E2: 13549306 | F2: 52715733 | G2: 1.3548716e+08 | H2: 44536115 | I2: 58087742
A3: 1 | B3: 2 | C3: ALA | D3: ?AND ISLANDS | E3: 0 | F3: 0 | G3: 0 | H3: 0 | I3: 0
A4: 2 | B4: 3 | C4: ALB | D4: ALBANIA | E4: 0 | F4: 463517 | G4: 2236701.5 | H4: 452385 | I4: 2271832
A5: 3 | B5: 4 | C5: DZA | D5: ALGERIA | E5: 15789290 | F5: 39514620 | G5: 37030162 | H5: 38856479 | I5: 36525412
A6: 4 | B6: 5 | C6: ASM | D6: AMERICAN SAMOA | E6: 0 | F6: 0 | G6: 0 | H6: 0 | I6: 0
A7: 5 | B7: 6 | C7: AND | D7: ANDORRA | E7: 0 | F7: 0 | G7: 0 | H7: 0 | I7: 0
A8: 6 | B8: 7 | C8: AGO | D8: ANGOLA | E8: 3638039.6 | F8: 9513821.5 | G8: 17374923 | H8: 8492131 | I8: 10807668
A9: 7 | B9: 8 | C9: AIA | D9: ANGUILLA | E9: 0 | F9: 0 | G9: 0 | H9: 0 | I9: 0
A10: 8 | B10: 9 | C10: ATA | D10: ANTARCTICA | E10: 0 | F10: 0 | G10: 0 | H10: 0 | I10: 0
A11: 9 | B11: 10 | C11: ATG | D11: ANTIGUA AND BARBUDA | E11: 0 | F11: 0 | G11: 0 | H11: 0 | I11: 0
A12: 10 | B12: 11 | C12: ARG | D12: ARGENTINA | E12: 18428184 | F12: 24251797 | G12: 26872581 | H12: 23839578 | I12: 25982334
A13: 11 | B13: 12 | C13: ARM | D13: ARMENIA | E13: 0 | F13: 0 | G13: 1655459 | H13: 0 | I13: 1437061.1
... A254: 252 | B254: 253 | C254: ZWE | D254: ZIMBABWE | E254: 311639.4 | F254: 2541279 | G254: 7737706.6 | H254: 2210233.4 | I254: 3441843.9

Sheet ISI_MIROC_uncorr
A1: FID | B1: GRIDCODE | C1: ISO | D1: ISO_name | E1: hist_RP100 | F1: RCP85_2030_SSP4_RP100 | G1: RCP85_2080_SSP4_RP100 | H1: RCP85_2030_SSP5_RP100 | I1: RCP85_2080_SSP5_RP100
A2: 0 | B2: 1 | C2: AFG | D2: AFGHANISTAN | E2: 11817933 | F2: 50900369 | G2: 1.3549633e+08 | H2: 43002474 | I2: 58091674
A3: 1 | B3: 2 | C3: ALA | D3: ?AND ISLANDS | E3: 0 | F3: 0 | G3: 0 | H3: 0 | I3: 0
A4: 2 | B4: 3 | C4: ALB | D4: ALBANIA | E4: 0 | F4: 0 | G4: 2236701.5 | H4: 0 | I4: 2271832
A5: 3 | B5: 4 | C5: DZA | D5: ALGERIA | E5: 16100127 | F5: 33182911 | G5: 36650939 | H5: 32629818 | I5: 36151344
A6: 4 | B6: 5 | C6: ASM | D6: AMERICAN SAMOA | E6: 0 | F6: 0 | G6: 0 | H6: 0 | I6: 0
A7: 5 | B7: 6 | C7: AND | D7: ANDORRA | E7: 0 | F7: 0 | G7: 0 | H7: 0 | I7: 0
A8: 6 | B8: 7 | C8: AGO | D8: ANGOLA | E8: 1176402 | F8: 4415148.8 | G8: 3216487.2 | H8: 3940842.4 | I8: 2000554.1
A9: 7 | B9: 8 | C9: AIA | D9: ANGUILLA | E9: 0 | F9: 0 | G9: 0 | H9: 0 | I9: 0
A10: 8 | B10: 9 | C10: ATA | D10: ANTARCTICA | E10: 0 | F10: 0 | G10: 0 | H10: 0 | I10: 0
A11: 9 | B11: 10 | C11: ATG | D11: ANTIGUA AND BARBUDA | E11: 0 | F11: 0 | G11: 0 | H11: 0 | I11: 0
A12: 10 | B12: 11 | C12: ARG | D12: ARGENTINA | E12: 10497819 | F12: 15057183 | G12: 14983097 | H12: 14801207 | I12: 14486823
A13: 11 | B13: 12 | C13: ARM | D13: ARMENIA | E13: 0 | F13: 102825 | G13: 800189.6 | H13: 99094.2 | I13: 694624.05
... A254: 252 | B254: 253 | C254: ZWE | D254: ZIMBABWE | E254: 2374777.3 | F254: 8881809.5 | G254: 14752677 | H254: 7720831.1 | I254: 6606846.6

Sheet ISI_NorESM_uncorr
A1: FID | B1: GRIDCODE | C1: ISO | D1: ISO_name | E1: hist_RP100 | F1: RCP85_2030_SSP4_RP100 | G1: RCP85_2080_SSP4_RP100 | H1: RCP85_2030_SSP5_RP100 | I1: RCP85_2080_SSP5_RP100
A2: 0 | B2: 1 | C2: AFG | D2: AFGHANISTAN | E2: 17413305 | F2: 48173424 | G2: 1.34865e+08 | H2: 40698714 | I2: 57821009
A3: 1 | B3: 2 | C3: ALA | D3: ?AND ISLANDS | E3: 0 | F3: 0 | G3: 0 | H3: 0 | I3: 0
A4: 2 | B4: 3 | C4: ALB | D4: ALBANIA | E4: 0 | F4: 0 | G4: 514273.8 | H4: 0 | I4: 518601.6
A5: 3 | B5: 4 | C5: DZA | D5: ALGERIA | E5: 3236266.4 | F5: 31822839 | G5: 36886763 | H5: 31294614 | I5: 36383961
A6: 4 | B6: 5 | C6: ASM | D6: AMERICAN SAMOA | E6: 0 | F6: 0 | G6: 0 | H6: 0 | I6: 0
A7: 5 | B7: 6 | C7: AND | D7: ANDORRA | E7: 0 | F7: 0 | G7: 0 | H7: 0 | I7: 0
A8: 6 | B8: 7 | C8: AGO | D8: ANGOLA | E8: 400759.98 | F8: 4312522.7 | G8: 4256723.3 | H8: 3849241.9 | I8: 2647548.4
A9: 7 | B9: 8 | C9: AIA | D9: ANGUILLA | E9: 0 | F9: 0 | G9: 0 | H9: 0 | I9: 0
A10: 8 | B10: 9 | C10: ATA | D10: ANTARCTICA | E10: 0 | F10: 0 | G10: 0 | H10: 0 | I10: 0
A11: 9 | B11: 10 | C11: ATG | D11: ANTIGUA AND BARBUDA | E11: 0 | F11: 0 | G11: 0 | H11: 0 | I11: 0
A12: 10 | B12: 11 | C12: ARG | D12: ARGENTINA | E12: 5871743.8 | F12: 7351092.1 | G12: 9448882.9 | H12: 7226119.7 | I12: 9135998.8
A13: 11 | B13: 12 | C13: ARM | D13: ARMENIA | E13: 0 | F13: 0 | G13: 0 | H13: 0 | I13: 0
... A254: 252 | B254: 253 | C254: ZWE | D254: ZIMBABWE | E254: 601292.78 | F254: 598106.9 | G254: 13397924 | H254: 519818.4 | I254: 5955650.6
